name,address,latitude,longitude,games,cabs,source
Kingpin Bowling Norwood,"11 Osmond Terrace Norwood South Australia, 5067, Norwood",-34.9165750,138.6311511,drs;other;taiko,,ziv
Kingpin Canberra,"Bunda Street Canberra Australian Capital Territory, 2601, Canberra",-35.2779051,149.1326326,drs;maimai_dx;other;taiko,,ziv
KINGPIN MELBOURNE,"260 Collins St, MELBOURNE VIC 3000",-37.8152725,144.9650986,chunithm;ddr;drs;maimai_dx;other;taiko,,allnet;ziv
KOKO AMUSEMENT 614,Basement 614 George ST Sydney NSW 2000,-33.8757593,151.2067759,chunithm;ddr;drs;gitadora;iidx;maimai_dx;other;popn;sdvx;taiko,,allnet;ziv
KOKO AMUSEMENT BURWOOD,"lot29 27-31 belmore St,.Burwood,2134,NSW",-33.8784196,151.1021580,chunithm;ddr;drs;maimai_dx;other;taiko,,allnet;ziv
KOKO HURSTVILLE,"G03/288 Forest Road, HurstvilleNSW",-33.9669703,151.1032215,ddr;drs;maimai_dx;other;taiko,,allnet;ziv
PARADIGM ZONE,"58 Gawler Place, Adelaide SA 5000",-34.9234290,138.6021461,chunithm;drs;iidx;maimai_dx;other;popn;sdvx;taiko,,allnet;ziv
Timezone @ Coolangatta,"82 Griffith Street Coolangatta Queensland, 4225, Coolangatta",-28.1683835,153.5388090,drs;other,,ziv
TIMEZONE(HAYMARKET),"Level 3 Market City, 9-13 Hay Street, Haymerket, Sydney, NSW2020",-33.8797944,151.2033833,chunithm;ddr;drs;gitadora;maimai_dx;other;popn;sdvx;taiko,,allnet;ziv
Game-INN,"Vijfseweg 92, Waregem, 9300",50.8960464,3.4236199,drs;nostalgia;other,,ziv
The Gaming Factory,"98 Ringbaan Oost, Tilburg, Noord-Brabant, 5013 CD",51.5698947,5.0970232,drs;iidx;jubeat;nostalgia;other;sdvx;taiko,,ziv
CHQ Entertainment,"4800 Kingsway Burnaby British Columbia, V5H 4N2, Burnaby",49.2272058,-122.9994267,chunithm;drs;maimai_dx;ongeki;other;sdvx;taiko,,ziv
Claw Planet/Planète Claw,"563 Boulevard des Laurentides Laval Québec, H7G2V3, Laval",45.5718827,-73.6935639,chunithm;ddr;drs;gitadora;iidx;jubeat;maimai_dx;ongeki;other;popn;sdvx,,ziv
GameCube游戏大魔方(乐荟中心),"3rd Floor, Nan Feihong Yuehui Center, No. 1589 Zhuque South Road 朱雀南路1589号南飞鸿悦荟中心3楼F3-01、2号商铺 Xi'an Shannxi, 710000, Xi'an",34.1872687,108.9374551,drs;maimai_dx;other,,ziv
Happy 100 潮州驛站店,信義路111號,,,dance_around;other,,bemanicn
世纪欢乐城朔州怀仁店,山西省朔州市怀仁市神隆生活广场四楼,,,drs;maimai_dx,,wahlap;bemanicn
乐遥遥乐游城,美的旭辉天地3楼,,,drs,,bemanicn
佐佐佑佑电玩城,"名城广场3F 公园路163号 Wenzhou Shi Zhejiang Sheng, 325100, Wenzhou Shi",28.0130744,120.6623617,drs;maimai_dx;other;sdvx,,ziv
凯普乐运动星球,雁滩路3113号欣大购物广场六楼,,,drs;other,,bemanicn
哇哇哇游乐城,天河路228号正佳广场7层7A001、7B002,23.1344651,113.3218021,chunithm;drs;maimai_dx;other;taiko,,bemanicn;ziv
大家乐超玩场,美奂广场,,,drs,,bemanicn
大玩家超乐场（广州海珠店）,"3F, Wanda Plaza Haizhu 238 Yijing Road, Haizhu District Guangzhou Shi Guangdong Sheng, Guangzhou Shi",23.0837478,113.3136310,drs;other;sdvx,,ziv
头号玩家（莫干山开元森泊度假乐园店）,玉屏路莫干山开元森泊度假酒店一楼,,,drs,,bemanicn
娱人港湾（金查理小镇店）,旅游路与常山大道交叉口金查理小镇3-1,,,drs;sdvx;taiko,,bemanicn
智趣乐园(远洋大信新都汇店),博爱六路28号3栋大信·新都汇3F02,,,drs,,bemanicn
朗玩 Round1 Bowling & Arcade (Xintang AEON Mall),"増城区宁西街创新大道15号 永旺梦乐城广州新塘 广州市 Guangdong Province, 511338, 广州市",23.1621958,113.6198759,chunithm;dance_around;drs;gitadora;maimai_dx;other;sdvx;taiko,,ziv
朗玩 Round1 Bowling & Arcade (龙华店),"壹成中心花园三区E座 壹方天地C区 龙华区龙华街道景龙社区 深圳市 广东省, 518131, 深圳市",22.6477792,114.0244816,dance_around;drs;gitadora;maimai_dx;other;sdvx;taiko,,ziv
未来世界梦想王国,"Zichang Road, Baota District Yan'an 延安市 Shannxi 陕西省, 716000, Yan'an 延安市",36.6455847,109.4902492,drs;other,,ziv
极限主场（兴一广场店）,人民大道兴一广场三楼L3013/L3014号铺（左侧）,,,drs;other,,bemanicn
核客电玩城(东门店),"L1, Department Store Plaza Building, No.3020 Shennan East Road Luohu 罗湖区 Shenzhen 深圳市 Guangdong 广东省, 518001, Shenzhen 深圳市",22.5462808,114.1130620,drs;maimai_dx;other;sdvx;taiko,,ziv
桔钓沙莱华度假酒店 (Lavenna Resort Judiaosha Shenzhen),"B1, Lavenna Resort Hotel, No. 28 Xindong Road, Nan’ao Subdistric Longgang District 龙岗区 Shenzhen City 深圳市 Guangdong Province 广东省, 518121, Shenzhen City 深圳市",22.5598454,114.5477385,drs;other;sdvx,,ziv
欢乐故事(大悦城店),好悦天地B1楼,,,drs;other,,bemanicn
欢乐故事（昆明新西南店）,人民中路17号新西南广场B区负一楼,,,drs;other,,bemanicn
沁庐汇保龄球运动娱乐馆,红谷滩区学府大道嘉莱特沁庐国际酒店二楼,28.6573269,115.8501408,drs;other,,bemanicn;ziv
洪雅星际风云电玩,伊盛百货3F,,,drs,,bemanicn
游戏大魔方西安店,陕西省西安市朱雀南路乐荟中心3楼游戏大魔方,,,drs;maimai_dx;other,,wahlap;bemanicn
爱玩星球驻马店,河南省驻马店市经济开发区乐山大道与置地大道交叉口爱克玖隆茂购物中心三楼爱玩星球,,,drs;maimai_dx,,wahlap;bemanicn
福乐熊儿童主题乐园（维多利店）,维多利广场,,,drs,,bemanicn
英雄汇电玩中心,人民路68号北部湾商业中心2层001商铺,,,drs;other,,bemanicn
莱华度假酒店奇妙世界,南澳街道新东路28号桔钓沙莱华度假酒店负一层,,,drs;sdvx,,bemanicn
那香海探险世界游艺赛车馆,那香海景区-那香海探险世界游艺赛车馆一楼,,,drs,,bemanicn
酷漫地带成都新都苏宁店,四川省成都市新都区蜀龙大道中段1333号苏宁易购广场三楼酷漫地带,,,drs;maimai_dx;taiko,,wahlap;bemanicn
酷漫地带泸州龙马潭步步高店,四川省泸州市龙马潭区步步高新天地商场2楼,,,drs;maimai_dx,,wahlap;bemanicn
金街动漫城,五常市 循礼社区开发大街南侧运输路西侧,,,drs,,bemanicn
鑫鑫游乐,上海市闵行区东川路2325号燎升生活广场2楼,31.0129486,121.4072031,drs;other,,bemanicn;ziv
银河奇遇妙妙屋,广东省河源市源城区中骏世界城2楼奇遇妙妙屋,,,drs,,bemanicn
阿凡达潮玩荟家庭游乐中心,定阳路与文华街交叉口西南侧，漫乐城2楼,,,drs;maimai_dx,,bemanicn
阿斯坦丁俏皮世界（方圆荟世纪中心店）,文明中路与城中中路交叉路口西侧方圆荟世纪中心MALLF3,,,drs,,bemanicn
风暴台球,泗州商城西门楼梯上二楼,,,drs,,bemanicn
Aquapalace Praha,"Pražská 138, Čestlice-Říčany u Prahy, 25101",50.0075115,14.5715404,drs,,ziv
Cibien's Corner - Game Station,"2621/4 Štefánikovo náměstí, Plzeň, Plzeňský kraj, 301 00",49.7360477,13.3776224,chunithm;drs;jubeat;maimai_dx;nostalgia;other;popn;sdvx,,ziv
Atom City,"113 Rue Barthélémy Delespaul Lille Hauts-de-France, 59000, Lille",50.6243363,3.0652070,chunithm;drs;gitadora;iidx;jubeat;maimai_dx;nostalgia;other;popn;sdvx;taiko,,ziv
Elyzion Park,"693 Route de Jonquières Orange Provence-Alpes-Côte d'Azur, 84100, Orange",44.1236619,4.8337366,chunithm;drs;other,,ziv
Valence Arcade,"5 Rue Pasteur Valence 26000, Valence",44.9289720,4.8912898,chunithm;drs;other,,ziv
Game Night,"Kerpener Straße 179 Kerpen Nordrhein-Westfalen, 50170, Kerpen",50.8978633,6.6832817,drs;other,,ziv
HI-SCORE,"Anna-Zammert-Str. 28 Hannover Niedersachsen, 30171, Hannover",52.3642896,9.7637075,chunithm;ddr;drs;iidx;jubeat;maimai_dx;nostalgia;ongeki;other;popn;sdvx;taiko,,ziv
Micronesia Mall - Fun Fair,"1088 West Marine Corps Drive, Dededo, Guam, 96929",13.5191493,144.8162200,ddr;drs;gitadora;other,,ziv
SUPER KING GAME CENTRE,"B/F,WEST COAST BLDG, 290-296UN CHAU ST.,CHEUNG SHA WAN,KW",22.3356793,114.1591221,chunithm;drs;gitadora;iidx;jubeat;maimai_dx;nostalgia;other;sdvx,,allnet;ziv
Amazone - Mall Artha Gading,"1 Jalan Artha Gading Selatan Jakarta Daerah Khusus Ibukota Jakarta, 14240, Jakarta",-6.1458217,106.8925416,ddr;drs;iidx;maimai_dx;other;sdvx,,ziv
Cihampelas Walk / CiWalk (Game Master),"Jl. Cihampelas 160 Bandung Bandung West Java (Jawa Barat), Bandung",-6.8952197,107.6044214,ddr;drs;maimai_dx;other;sdvx,,ziv
COW PLAY COW MOO CARSTENSZ MALL,Jalan jend sudirman no1. Cihuni. Kec pagedangan,-6.2697615,106.6304198,chunithm;ddr;drs;gitadora;iidx;maimai_dx;nostalgia;other;sdvx,,allnet;ziv
Cow Play Cow Moo Mall of Indonesia,"2nd Floor Jl. Boulevard Bar. Raya No.12 Jakarta Utara 14240, Jakarta Utara",-6.1513526,106.8929172,chunithm;ddr;drs;gitadora;iidx;maimai_dx;other;sdvx,,ziv
Cow Play Cow Moo PIK2,"Entertainment District PIK 2, Blok A6, Jl. Rasuna Said Pantai In Tanggerang Banten, 15214, Tanggerang",-6.0462851,106.7053288,chunithm;ddr;drs;gitadora;iidx;maimai_dx;nostalgia;other;sdvx,,ziv
Cow Play Cow Moo Pluit Village Mall,"23 Jalan Pluit Karang Karya Timur 2nd Floor DKI Jakarta Jakarta Utara, 14450, DKI Jakarta",-6.1163928,106.7881072,chunithm;ddr;drs;gitadora;iidx;maimai_dx;nostalgia;other;sdvx,,ziv
Cow Play Cow Moo ÉLYSÉE SCBD,"Jl. SCBD No. Kav 52-53, Lantai 3A, Jakarta Selatan, 12190,, Jakarta Selatan,",-6.2260035,106.8131916,chunithm;ddr;drs;iidx;maimai_dx;other;sdvx,,ziv
TIMEZONE GALAXY 3 NEW,Jl Dr IR H Soekarno No. 178 Surabaya 60115,-7.2760864,112.7805726,chunithm;drs;maimai_dx;other;taiko,,allnet;ziv
Timezone Paris Van Java (PVJ),"Jalan Sukajadi No. 131-139 CL Floor Bandung Jawa Barat, 40162, Bandung",-6.8889292,107.5959510,chunithm;drs;maimai_dx;other,,ziv
Timezone Senayan Park,"3 Jalan Gerbang Pemuda, Daerah Khusus Ibukota Jakarta, 10270",-6.2124526,106.8043301,drs;other,,ziv
PlayDXB,"Dubai Mall, Financial Center Rd, Downtown Dubai, Dubai, 000000",25.1962673,55.2807838,drs;other,,ziv
SOCO,"Mirdif City Center, Sheikh Mohammed Bin Zayed Rd - Mirdif - Dubai, Dubai, Mirdif, 6C85+C6 Du",25.2160684,55.4074710,drs,,ziv
Xtreme Zone,"Al Shifa, Dammam, Al-Othaim mall, Dammam, Dammam, 32236",26.3993633,50.1177889,drs,,ziv
AmiPara Technoland (アミパラ テクノランド店),"1-7-12, Yamatomachi, Kita-ku Okayama Okayama, 700-0808, Okayama",34.6791711,133.9274775,chunithm;ddr;drs;gitadora;iidx;maimai_dx;ongeki;other;popn;sdvx;taiko,,ziv
GiGOアルパーク北棟,広島市西区草津南4-7-1アルパーク北棟2F,34.3763029,132.3950257,drs;gitadora;iidx;jubeat;nostalgia;polaris_chord;sdvx,iidx_lm;sdvx_vm,eagate
Molly Fantasy f Gifu (モーリーファンタジーf 岐阜店),"1-2-1, Masakinaka MASA21 North Bldg. (マーサ21北館) 3F Gifu Gifu, 502-0857, Gifu",35.4478229,136.7450130,chunithm;drs;gitadora;jubeat;maimai_dx;ongeki;other;popn;sdvx;taiko,,ziv
Parque Kamigamo (パルケ上賀茂),"4F 1-1, Kamigamo-Nishigawaracho, Kita-ku Kyoto Kyoto, 603-8036, Kyoto",35.0668030,135.7462040,chunithm;ddr;drs;gitadora;iidx;maimai_dx;nostalgia;ongeki;other;popn;taiko,,ziv
ROUND1 Ikebukuro (ラウンドワン 池袋店),"1-14-1, Higashiikebukuro Ikebukuro Square (池袋スクエア) 豊島区 (Toshima-ku) 東京都 (Tokyo Metropolis), 170-0013, 豊島区 (Toshima-ku)",35.7299682,139.7151706,chunithm;dance_around;ddr;drs;gitadora;iidx;jubeat;maimai_dx;nostalgia;ongeki;other;popn;sdvx;taiko,,ziv
ROUND1 Kyoto Kawaramachi (ラウンドワン 京都河原町店),"250, Yamazaki-cho, Nakagyo-ku Kyoto Kyoto, 604-8032, Kyoto",35.0070558,135.7688248,chunithm;dance_around;ddr;drs;gitadora;iidx;jubeat;maimai_dx;nostalgia;ongeki;other;popn;sdvx;taiko,,ziv
ROUND1 Stadium Handa (ラウンドワンスタジアム半田店),"6-7-8, Mizuho-cho Handa Aichi, 475-0828, Handa",34.8853884,136.9417513,chunithm;dance_around;ddr;drs;gitadora;iidx;maimai_dx;ongeki;other;popn;sdvx;taiko,,ziv
ROUND1 Stadium Kanazawa (ラウンドワンスタジアム 金沢店),"6-120-1, Yokogawa Kanazawa Ishikawa, 921-8163, Kanazawa",36.5419968,136.6260697,dance_around;ddr;drs;other,,ziv
ROUND1 Stadium Nakagawa National Route 1 (ラウンドワンスタジアム 中川1号線店),"2-23, Hozo-cho, Nakagawa-ku Nagoya Aichi, 454-0859, Nagoya",35.1236338,136.8636315,chunithm;dance_around;ddr;drs;gitadora;iidx;jubeat;maimai_dx;ongeki;other;popn;sdvx;taiko,,ziv
ROUND1 Stadium Saitama Kurihashi (ラウンドワンスタジアムさいたま・栗橋店),"192-1, Koemon Kuki Saitama, 349-1105, Kuki",36.1234363,139.7151687,dance_around;ddr;gitadora;maimai_dx;museca;other;popn,,ziv
ROUND1 Stadium Sapporo Kita 21-jo (ラウンドワンスタジアム札幌北21条店),"1-21, North 21 East 1, Higashi-ku Sapporo Hokkaido, 065-0021, Sapporo",43.0867551,141.3497129,chunithm;dance_around;ddr;drs;gitadora;iidx;maimai_dx;nostalgia;ongeki;other;popn;sdvx;taiko,,ziv
ROUND1 Stadium Sennichimae (ラウンドワンスタジアム 千日前店),"1-3-1, Namba, Chuo-ku Osaka Osaka, 542-0076, Osaka",34.6675185,135.5028026,chunithm;dance_around;ddr;drs;gitadora;iidx;jubeat;maimai_dx;museca;nostalgia;ongeki;other;popn;sdvx,,ziv
ROUND1 Stadium Tsu Takajaya (ラウンドワンスタジアム津・高茶屋店),"277-8, Takajayakomoricho Tsu Mie, 514-0817, Tsu",34.6724802,136.5193570,chunithm;dance_around;ddr;gitadora;iidx;maimai_dx;ongeki;other;popn;sdvx;taiko,,ziv
Taito F Station AEON Ichikawa Myoden(タイトーFステーションイオン市川妙典店),"AEON Ichikawa Myoden Bldg. 2 (イオン市川妙典2番街) 2F 4-1-1, Myoden Ichikawa Chiba, 272-0111, Ichikawa",35.6924912,139.9267375,chunithm;ddr;drs;gitadora;iidx;maimai_dx;nostalgia;ongeki;other;popn;sdvx,,ziv
Taito F Station olinas Kinshicho (タイトーFステーション オリナス錦糸町店),"olinas mall (オリナスモール) B1F 4-1-2, Taihei Sumida-ku Tokyo, 130-0012, Sumida-ku",35.7003909,139.8154061,chunithm;ddr;drs;gitadora;iidx;jubeat;maimai_dx;nostalgia;ongeki;other;popn;sdvx,,ziv
Taito Station Sapporo Tanuki Kōji 2-Chōme (タイトーステーション狸小路2丁目店),"Tanuki Kōji 2-Chōme Sapporo Hokkaido, 060-0063, Sapporo",43.0574451,141.3554485,chunithm;drs;iidx;jubeat;maimai_dx;nostalgia;ongeki;other;popn;sdvx;taiko,,ziv
Yu-LAND Shunkou (遊ランド 春光店),"2-1, Shunkou Pachinko P-TOWN Shunkou 2F Asahikawa Hokkaido, 070-0871, Asahikawa",43.7981691,142.3740202,chunithm;drs;iidx;jubeat;maimai_dx;nostalgia;ongeki;other;popn;sdvx;taiko,,ziv
アピナ佐久インター店,長野県佐久市岩村田北１−１３−１,36.2844797,138.4823375,chunithm;drs;gitadora;iidx;jubeat;maimai_dx;ongeki;other;polaris_chord;popn;sdvx,iidx_lm;popn_pikapika;sdvx_vm,allnet;eagate;ziv
アピナ姫路店,兵庫県姫路市東郷町１４５４−３姫路リオス２階,34.8269676,134.7151601,chunithm;dance_evo;drs;gitadora;iidx;jubeat;maimai_dx;nostalgia;ongeki;other;polaris_chord;popn;project_diva;reflec,iidx_lm;popn_pikapika,allnet;eagate;ziv
アピナ富山豊田店,富山県富山市豊田町２丁目１２−６６,36.7210181,137.2355046,chunithm;ddr;drs;gitadora;iidx;jubeat;maimai_dx;nostalgia;ongeki;other;polaris_chord;popn;project_diva;reflec;sdvx,ddr_gold;gitadora_dm_arena;gitadora_gf_arena;iidx_lm;popn_pikapika;sdvx_vm,allnet;eagate;ziv
アピナ小山店,栃木県小山市駅南町４−２７−１８,36.3004010,139.8091238,chunithm;drs;gitadora;iidx;jubeat;maimai_dx;nostalgia;ongeki;other;polaris_chord;popn;sdvx,iidx_lm;popn_pikapika;sdvx_vm,allnet;eagate;ziv
アピナ松本店,長野県松本市双葉１９−１０,36.2105026,137.9615503,chunithm;dance_evo;ddr;drs;gitadora;iidx;jubeat;maimai_dx;nostalgia;ongeki;other;polaris_chord;popn;project_diva;reflec;sdvx,ddr_gold;gitadora_dm_arena;gitadora_gf_arena;iidx_lm;popn_pikapika;sdvx_vm,allnet;eagate;ziv
アピナ長岡店,新潟県長岡市堺東町２２,37.4579741,138.8131975,chunithm;ddr;drs;gitadora;iidx;jubeat;maimai_dx;nostalgia;ongeki;other;polaris_chord;popn;project_diva;sdvx,gitadora_dm_arena;gitadora_gf_arena;iidx_lm;popn_pikapika;sdvx_vm,allnet;eagate;ziv
アピナ鶴岡店,山形県鶴岡市文下字広野１−１,38.7581392,139.8443827,chunithm;drs;gitadora;iidx;jubeat;maimai_dx;nostalgia;ongeki;other;polaris_chord;popn;sdvx,iidx_lm;sdvx_vm,allnet;eagate;ziv
アミパラ佐世保店,長崎県佐世保市大塔町１８−１５,33.1500003,129.7803082,chunithm;ddr;drs;gitadora;iidx;jubeat;maimai_dx;ongeki;other;polaris_chord;popn;sdvx,iidx_lm;sdvx_vm,allnet;eagate;ziv
アミューズメントＣＵＥ奈良三条店,奈良県奈良市三条町478-1,34.6817818,135.8221376,chunithm;ddr;drs;gitadora;iidx;jubeat;maimai_dx;ongeki;other;popn;sdvx;taiko,gitadora_dm_arena;gitadora_gf_arena;iidx_lm;sdvx_vm,allnet;eagate;ziv
インターパークプラスワン 宇都宮店,宇都宮市インターパーク6-5-1,36.4882211,139.9053211,ddr;drs;gitadora;iidx;jubeat;nostalgia;polaris_chord;popn;sdvx,ddr_gold;gitadora_dm_arena;gitadora_gf_arena;iidx_lm;popn_pikapika;sdvx_vm,eagate
ウェアハウス草加店別館,埼玉県草加市稲荷２ー３６ー３３,35.8298831,139.8205853,chunithm;ddr;drs;gitadora;iidx;jubeat;maimai_dx;ongeki;project_diva;reflec;sdvx,iidx_lm;sdvx_vm,allnet;eagate
ゲームキングジョイ,愛知県名古屋市中区栄３‐３‐３２,35.1679815,136.9049511,chunithm;dance_evo;ddr;drs;gitadora;iidx;jubeat;maimai_dx;nostalgia;ongeki;other;polaris_chord;popn;reflec;sdvx;taiko,ddr_gold;gitadora_dm_arena;gitadora_gf_arena;iidx_lm;popn_pikapika;sdvx_vm,allnet;eagate;ziv
ゲームコーナー東部,宮城県仙台市若林区六丁の目中町26-60 斎喜東部ビル2F,38.2509985,140.9439369,chunithm;dance_evo;ddr;drs;gitadora;iidx;jubeat;maimai_dx;nostalgia;ongeki;other;polaris_chord;popn;project_diva;reflec;sdvx,ddr_gold;gitadora_dm_arena;gitadora_gf_arena;iidx_lm;popn_pikapika;sdvx_vm,allnet;eagate;ziv
ゲームセンターベティ,石川県七尾市舟尾町ウ-38,37.0671949,136.9069915,chunithm;ddr;drs;gitadora;iidx;jubeat;maimai_dx;nostalgia;ongeki;other;popn;sdvx,,allnet;ziv
ゲームパニックつくば,茨城県土浦市中村東1-1-1サンタスワールド内,36.0463834,140.1682228,chunithm;ddr;drs;gitadora;iidx;jubeat;maimai_dx;nostalgia;ongeki;other;polaris_chord;popn;project_diva;sdvx,ddr_gold;gitadora_dm_arena;gitadora_gf_arena;iidx_lm;popn_pikapika;sdvx_vm,allnet;eagate;ziv
ゲームパニック大高,愛知県名古屋市緑区忠治山２０１番地,35.0485212,136.9497129,chunithm;ddr;drs;gitadora;iidx;jubeat;maimai_dx;nostalgia;ongeki;other;polaris_chord;popn;project_diva;sdvx;taiko,ddr_gold;gitadora_dm_arena;gitadora_gf_arena;iidx_lm;popn_pikapika;sdvx_vm,allnet;eagate;ziv
ゲームパニック新宿歌舞伎町,東京都新宿区歌舞伎町1-20-1 ﾋｭｰﾏｯｸｽﾊﾟﾋﾞﾘｵﾝ1階2階,35.6958088,139.7015128,chunithm;ddr;drs;gitadora;iidx;maimai_dx;nostalgia;ongeki;other;polaris_chord;popn;project_diva;sdvx;taiko,ddr_gold;gitadora_dm_arena;gitadora_gf_arena;iidx_lm;popn_pikapika;sdvx_vm,allnet;eagate;ziv
サープラ山口あそびタウン,山口県山口市湯田温泉６ー８ー３,34.1646973,131.4517994,chunithm;drs;gitadora;iidx;maimai_dx;ongeki;other;sdvx,iidx_lm;sdvx_vm,allnet;eagate;ziv
サープラ沼津あそびタウン,沼津市大手町1-1-5,35.1026645,138.8598883,ddr;drs;gitadora;iidx;popn;sdvx,ddr_gold;iidx_lm;sdvx_vm,eagate
スポラ九品寺,熊本県熊本市中央区九品寺5丁目10-15,32.7904656,130.7148881,chunithm;drs;gitadora;iidx;jubeat;ongeki;other;popn,iidx_lm,allnet;eagate;ziv
スポラ菊陽,熊本県菊池郡菊陽町津久礼駄飼代２６１７−２,32.8644516,130.8090616,chunithm;drs;gitadora;iidx;jubeat;maimai_dx;ongeki;other,,allnet;eagate;ziv
ソユーゲームフィールド旭川駅前店,北海道旭川市宮下通７−２−５ｲｵﾝﾓｰﾙ旭川駅前４F,43.7640056,142.3571151,chunithm;drs;maimai_dx;ongeki;other;polaris_chord;taiko,,allnet;eagate;ziv
ソユーゲームフィールド発寒店,札幌市西区発寒8条12-1-1イオンモール札幌発寒3F,43.0952043,141.2779132,drs;polaris_chord,,eagate
タイトーステーション 仙台クリスロード店,宮城県仙台市青葉区中央２−３−２５,38.2610006,140.8756067,chunithm;ddr;drs;gitadora;iidx;jubeat;maimai_dx;nostalgia;ongeki;other;polaris_chord;popn;project_diva;sdvx;taiko,ddr_gold;gitadora_dm_arena;gitadora_gf_arena;iidx_lm;popn_pikapika;sdvx_vm,allnet;eagate;ziv
タイトーステーション 小田原店,神奈川県小田原市栄町１−３−１２,35.2549374,139.1561373,chunithm;drs;gitadora;iidx;jubeat;maimai_dx;nostalgia;ongeki;other;polaris_chord;popn;project_diva;sdvx;taiko,popn_pikapika,allnet;eagate;ziv
タイトーステーション 池袋西口店,東京都豊島区西池袋１−１５−９第一西池ビル,35.7305503,139.7097415,chunithm;ddr;drs;gitadora;iidx;jubeat;maimai_dx;nostalgia;ongeki;other;polaris_chord;popn;sdvx,gitadora_dm_arena;gitadora_gf_arena;iidx_lm;popn_pikapika;sdvx_vm,allnet;eagate;ziv
タイトーステーション 町田店,東京都町田市原町田６−２１−２３ 松山ビル１階,35.5427132,139.4484861,chunithm;ddr;drs;gitadora;iidx;jubeat;maimai_dx;ongeki;other;polaris_chord;popn;sdvx;taiko,ddr_gold;gitadora_dm_arena;gitadora_gf_arena;iidx_lm;popn_pikapika;sdvx_vm,allnet;eagate;ziv
タイトーステーション 秋葉原店,東京都千代田区外神田４−２−２貴三ビル,35.7002219,139.7717179,chunithm;ddr;drs;gitadora;iidx;jubeat;maimai_dx;nostalgia;ongeki;other;polaris_chord;popn;sdvx;taiko,ddr_gold;gitadora_dm_arena;gitadora_gf_arena;iidx_lm;popn_pikapika;sdvx_vm,allnet;eagate;ziv
タイトーステーションフェドラ大須店,愛知県名古屋市中区大須３−３０−３１,35.1594771,136.9054347,chunithm;dance_evo;ddr;drs;gitadora;iidx;jubeat;maimai_dx;museca;nostalgia;ongeki;other;polaris_chord;popn;project_diva;reflec;sdvx;taiko,ddr_gold;gitadora_dm_arena;gitadora_gf_arena;iidx_lm;popn_pikapika;sdvx_vm,allnet;eagate;ziv
タイトーステーション国分寺店,東京都国分寺市本町３−５−１１,35.7018475,139.4798890,chunithm;ddr;drs;gitadora;iidx;jubeat;maimai_dx;nostalgia;ongeki;other;popn;sdvx,iidx_lm;popn_pikapika;sdvx_vm,allnet;eagate;ziv
タイトーステーション大阪日本橋店,大阪府大阪市浪速区日本橋４−９−１４,34.6603931,135.5061456,chunithm;ddr;drs;gitadora;iidx;jubeat;maimai_dx;nostalgia;ongeki;polaris_chord;popn;sdvx,gitadora_dm_arena;gitadora_gf_arena;iidx_lm;popn_pikapika;sdvx_vm,allnet;eagate
タイトーステーション立川北口店,東京都立川市曙町２−４−５クリサス立川２・３Ｆ,35.6991102,139.4120958,chunithm;ddr;drs;gitadora;iidx;jubeat;maimai_dx;nostalgia;ongeki;other;polaris_chord;popn;project_diva;sdvx,ddr_gold;gitadora_dm_arena;gitadora_gf_arena;iidx_lm;popn_pikapika;sdvx_vm,allnet;eagate;ziv
タイトーＢＩＧＢＯＸ高田馬場店,東京都新宿区高田馬場１−３５−３ ＢＩＧＢＯＸ６Ｆ,35.7129463,139.7042567,chunithm;dance_evo;ddr;drs;gitadora;iidx;jubeat;maimai_dx;ongeki;other;polaris_chord;popn;sdvx;taiko,gitadora_dm_arena;gitadora_gf_arena;iidx_lm;popn_pikapika;sdvx_vm,allnet;eagate;ziv
ハイパーメッセ,福岡県北九州市小倉南区北方４−６−７,33.8391643,130.8741119,chunithm;drs;maimai_dx;ongeki;other,,allnet;eagate;ziv
ポート２４浜松店,静岡県浜松市中央区坪井町4183-1,34.6801467,137.6443581,chunithm;drs;gitadora;iidx;jubeat;maimai_dx;nostalgia;ongeki;popn;project_diva;sdvx,gitadora_dm_arena;gitadora_gf_arena;iidx_lm;sdvx_vm,allnet;eagate
モーリーファンタジー那覇,沖縄県那覇市金城５−１０−２ イオン那覇店３F,26.1970331,127.6658532,chunithm;dance_evo;iidx;jubeat;maimai_dx;ongeki;polaris_chord;popn;reflec;sdvx,iidx_lm;sdvx_vm,allnet;eagate
モーリーファンタジーｆ 岐阜,岐阜県岐阜市正木中１−２−１マーサ２１北館３Ｆ,35.4484474,136.7449465,chunithm;drs;gitadora;iidx;jubeat;maimai_dx;ongeki;polaris_chord;popn;sdvx,iidx_lm;sdvx_vm,allnet;eagate
ユーズランド下田店,青森県上北郡おいらせ町中野平４０−１イオンモール下田１Ｆ,40.6014566,141.4177839,chunithm;ddr;drs;gitadora;iidx;jubeat;maimai_dx;nostalgia;ongeki;polaris_chord;popn;project_diva;sdvx,ddr_gold;gitadora_dm_arena;gitadora_gf_arena;iidx_lm;popn_pikapika;sdvx_vm,allnet;eagate
ユーズランド倉敷店,岡山県倉敷市水江１番地イオンモール倉敷２Ｆ,34.6032479,133.7454021,chunithm;ddr;drs;iidx;maimai_dx;ongeki;polaris_chord;popn;sdvx,ddr_gold;iidx_lm;popn_pikapika;sdvx_vm,allnet;eagate
ユーズランド高崎店,群馬県高崎市棟高町１４００番地イオンモール高崎２Ｆ,36.3904820,139.0065304,chunithm;ddr;drs;gitadora;iidx;jubeat;maimai_dx;ongeki;polaris_chord;popn;sdvx,ddr_gold;gitadora_dm_arena;gitadora_gf_arena;iidx_lm;popn_pikapika;sdvx_vm,allnet;eagate
ラウンドワンさいか屋横須賀店,神奈川県横須賀市大滝町１丁目１３番,35.2821494,139.6695932,chunithm;dance_around;ddr;drs;gitadora;iidx;jubeat;maimai_dx;nostalgia;ongeki;polaris_chord;popn;project_diva;sdvx,ddr_gold;gitadora_dm_arena;gitadora_gf_arena;iidx_lm;popn_pikapika;sdvx_vm,allnet;eagate
ラウンドワンさいたま・上里店,埼玉県児玉郡上里町大字金久保３９４−１,36.2599800,139.1374381,chunithm;dance_around;drs;gitadora;iidx;maimai_dx;nostalgia;ongeki;other;polaris_chord;popn;sdvx,gitadora_dm_arena;gitadora_gf_arena;iidx_lm;popn_pikapika;sdvx_vm,allnet;eagate;ziv
ラウンドワンさいたま・栗橋店,埼玉県久喜市小右衛門１９２−１,36.1235137,139.7151734,chunithm;dance_around;ddr;gitadora;iidx;jubeat;maimai_dx;nostalgia;ongeki;polaris_chord;popn;sdvx,ddr_gold;gitadora_dm_arena;gitadora_gf_arena;iidx_lm;popn_pikapika;sdvx_vm,allnet;eagate
ラウンドワンさいたま・鴻巣店,埼玉県鴻巣市箕田３１６３−７,36.0806388,139.4902256,chunithm;dance_around;dance_evo;ddr;drs;gitadora;iidx;jubeat;maimai_dx;nostalgia;ongeki;polaris_chord;popn;sdvx,ddr_gold;gitadora_dm_arena;gitadora_gf_arena;iidx_lm;popn_pikapika;sdvx_vm,allnet;eagate
ラウンドワンららぽーと新三郷店,埼玉県三郷市新三郷ららシティ3-1-1ららぽーと新三郷2F20000番,35.8594806,139.8671397,chunithm;dance_around;ddr;gitadora;iidx;jubeat;maimai_dx;ongeki;other;polaris_chord;popn;sdvx,ddr_gold;gitadora_dm_arena;gitadora_gf_arena;iidx_lm;popn_pikapika;sdvx_vm,allnet;eagate;ziv
ラウンドワンわらび店,埼玉県蕨市北町５−１−６,35.8307831,139.6742333,chunithm;ddr;drs;gitadora;iidx;jubeat;maimai_dx;nostalgia;ongeki;other;polaris_chord;popn;project_diva;sdvx,ddr_gold;gitadora_dm_arena;gitadora_gf_arena;iidx_lm;popn_pikapika;sdvx_vm,allnet;eagate;ziv
ラウンドワンアリオ柏店,千葉県柏市大島田１丁目６番地１セブンパークアリオ柏 １０７０,35.8323319,140.0119419,chunithm;dance_around;ddr;drs;gitadora;iidx;maimai_dx;ongeki;polaris_chord;popn;sdvx,ddr_gold;gitadora_dm_arena;gitadora_gf_arena;iidx_lm;popn_pikapika;sdvx_vm,allnet;eagate
ラウンドワンダイバーシティ東京プラザ店,東京都江東区青海1-1-10ダイバーシティ東京プラザ6階61000,35.6256894,139.7763086,chunithm;dance_around;ddr;drs;gitadora;iidx;jubeat;maimai_dx;ongeki;other;polaris_chord;popn;sdvx;taiko,ddr_gold;gitadora_dm_arena;gitadora_gf_arena;iidx_lm;popn_pikapika;sdvx_vm,allnet;eagate;ziv
ラウンドワンモレラ岐阜店,岐阜県本巣市三橋１１００,35.4552106,136.6727657,chunithm;dance_around;ddr;drs;gitadora;iidx;jubeat;maimai_dx;nostalgia;ongeki;other;polaris_chord;popn;sdvx,ddr_gold;gitadora_dm_arena;gitadora_gf_arena;iidx_lm;popn_pikapika;sdvx_vm,allnet;eagate;ziv
ラウンドワン三宮駅前店,兵庫県神戸市中央区小野柄通6-1-17,34.6939326,135.1973748,chunithm;dance_around;ddr;drs;gitadora;iidx;jubeat;maimai_dx;ongeki;other;polaris_chord;popn;sdvx;taiko,ddr_gold;gitadora_dm_arena;gitadora_gf_arena;iidx_lm;popn_pikapika;sdvx_vm,allnet;eagate;ziv
ラウンドワン上尾店,埼玉県上尾市大字平塚９１７−１,35.9857321,139.6078402,chunithm;dance_around;ddr;drs;gitadora;iidx;maimai_dx;nostalgia;ongeki;polaris_chord;popn;sdvx,ddr_gold;gitadora_dm_arena;gitadora_gf_arena;iidx_lm;popn_pikapika;sdvx_vm,allnet;eagate
ラウンドワン中川１号線店,愛知県名古屋市中川区法蔵町２−２３,35.1236443,136.8636045,chunithm;dance_around;ddr;drs;gitadora;iidx;jubeat;maimai_dx;ongeki;polaris_chord;popn;sdvx,ddr_gold;gitadora_dm_arena;gitadora_gf_arena;iidx_lm;popn_pikapika;sdvx_vm,allnet;eagate
ラウンドワン京都河原町店,京都府京都市中京区河原町通三条下ル山崎町２５０,35.0070244,135.7686902,chunithm;dance_around;ddr;drs;gitadora;iidx;jubeat;maimai_dx;nostalgia;ongeki;polaris_chord;popn;project_diva;sdvx,ddr_gold;gitadora_dm_arena;gitadora_gf_arena;iidx_lm;popn_pikapika;sdvx_vm,allnet;eagate
ラウンドワン仙台泉店,宮城県仙台市泉区大沢二丁目１２番４号 １階,38.3520265,140.8795076,chunithm;dance_around;ddr;gitadora;iidx;maimai_dx;ongeki;polaris_chord;popn;sdvx,ddr_gold;gitadora_dm_arena;gitadora_gf_arena;iidx_lm;popn_pikapika;sdvx_vm,allnet;eagate
ラウンドワン仙台苦竹店,宮城県仙台市宮城野区苦竹１−７−１０,38.2680832,140.9172451,chunithm;dance_around;ddr;gitadora;iidx;jubeat;maimai_dx;nostalgia;ongeki;polaris_chord;popn;sdvx,ddr_gold;gitadora_dm_arena;gitadora_gf_arena;iidx_lm;popn_pikapika;sdvx_vm,allnet;eagate
ラウンドワン佐賀店,佐賀県佐賀市兵庫北４−２−１,33.2752276,130.3010551,chunithm;dance_around;ddr;drs;gitadora;iidx;maimai_dx;ongeki;polaris_chord;popn;sdvx,ddr_gold;gitadora_dm_arena;gitadora_gf_arena;iidx_lm;popn_pikapika;sdvx_vm,allnet;eagate
ラウンドワン入間店,埼玉県入間市小谷田３−７−２５,35.8279801,139.3760089,chunithm;dance_around;ddr;gitadora;iidx;jubeat;maimai_dx;nostalgia;ongeki;polaris_chord;popn;sdvx,ddr_gold;gitadora_dm_arena;gitadora_gf_arena;iidx_lm;popn_pikapika;sdvx_vm,allnet;eagate
ラウンドワン函館店,北海道函館市西桔梗町８４８−１１,41.8246380,140.7175148,chunithm;dance_around;ddr;gitadora;iidx;maimai_dx;nostalgia;ongeki;polaris_chord;popn;sdvx,ddr_gold;gitadora_dm_arena;gitadora_gf_arena;iidx_lm;popn_pikapika;sdvx_vm,allnet;eagate
ラウンドワン前橋店,群馬県前橋市天川大島町１１０１−１,36.3687628,139.1052489,chunithm;ddr;drs;gitadora;iidx;maimai_dx;ongeki;polaris_chord;popn;sdvx,ddr_gold;gitadora_dm_arena;gitadora_gf_arena;iidx_lm;popn_pikapika;sdvx_vm,allnet;eagate
ラウンドワン加古川店,兵庫県加古川市尾上町安田325番6号,34.7470428,134.8369253,chunithm;dance_around;ddr;gitadora;iidx;jubeat;maimai_dx;nostalgia;ongeki;polaris_chord;popn;sdvx,ddr_gold;gitadora_dm_arena;gitadora_gf_arena;iidx_lm;popn_pikapika;sdvx_vm,allnet;eagate
ラウンドワン千日前店,大阪府大阪市中央区難波１−３−１,34.6675295,135.5027825,chunithm;ddr;drs;gitadora;iidx;jubeat;maimai_dx;nostalgia;ongeki;polaris_chord;popn;sdvx,ddr_gold;gitadora_dm_arena;gitadora_gf_arena;iidx_lm;popn_pikapika;sdvx_vm,allnet;eagate
ラウンドワン千種店,愛知県名古屋市千種区新栄3-20-17タイホウ千種駅前南ビル1階,35.1680713,136.9280046,chunithm;ddr;drs;gitadora;iidx;jubeat;maimai_dx;ongeki;other;polaris_chord;popn;sdvx;taiko,ddr_gold;gitadora_dm_arena;gitadora_gf_arena;iidx_lm;popn_pikapika;sdvx_vm,allnet;eagate;ziv
ラウンドワン南砂店,東京都江東区南砂６−７−１５トピレックプラザ４Ｆ,35.6718431,139.8369781,chunithm;dance_around;ddr;drs;gitadora;iidx;jubeat;maimai_dx;nostalgia;ongeki;other;polaris_chord;popn;sdvx;taiko,ddr_gold;gitadora_dm_arena;gitadora_gf_arena;iidx_lm;popn_pikapika;sdvx_vm,allnet;eagate;ziv
ラウンドワン博多半道橋店,福岡県福岡市博多区半道橋２−２−８,33.5840670,130.4383464,chunithm;dance_around;ddr;gitadora;iidx;maimai_dx;ongeki;polaris_chord;popn;sdvx,ddr_gold;gitadora_dm_arena;gitadora_gf_arena;iidx_lm;popn_pikapika;sdvx_vm,allnet;eagate
ラウンドワン堺駅前店,大阪府堺市堺区戎島町4-44-3,34.5834551,135.4684377,chunithm;dance_around;ddr;gitadora;iidx;maimai_dx;ongeki;polaris_chord;popn;sdvx,ddr_gold;gitadora_dm_arena;gitadora_gf_arena;iidx_lm;popn_pikapika;sdvx_vm,allnet;eagate
ラウンドワン大分店,大分県大分市萩原２−１３−１７,33.2489675,131.6402343,chunithm;ddr;drs;gitadora;iidx;maimai_dx;ongeki;polaris_chord;popn;sdvx,ddr_gold;gitadora_dm_arena;gitadora_gf_arena;iidx_lm;popn_pikapika;sdvx_vm,allnet;eagate
ラウンドワン大宮店,埼玉県さいたま市大宮区宮町４−９０−７,35.9108281,139.6254402,chunithm;dance_around;ddr;drs;gitadora;iidx;jubeat;maimai_dx;nostalgia;ongeki;other;polaris_chord;popn;sdvx,ddr_gold;gitadora_dm_arena;gitadora_gf_arena;iidx_lm;popn_pikapika;sdvx_vm,allnet;eagate;ziv
ラウンドワン大野城店,福岡県大野城市御笠川１−１８−１６,33.5464190,130.4822611,chunithm;dance_around;ddr;drs;gitadora;iidx;jubeat;maimai_dx;nostalgia;ongeki;other;polaris_chord;popn;sdvx,ddr_gold;gitadora_dm_arena;gitadora_gf_arena;iidx_lm;popn_pikapika;sdvx_vm,allnet;eagate;ziv
ラウンドワン奈良・ミナーラ店,奈良県奈良市二条大路南１−３−１ミ・ナーラ５階,34.6849116,135.8025405,chunithm;dance_around;ddr;gitadora;iidx;maimai_dx;nostalgia;ongeki;polaris_chord;popn;sdvx,ddr_gold;gitadora_dm_arena;gitadora_gf_arena;iidx_lm;popn_pikapika;sdvx_vm,allnet;eagate
ラウンドワン守口店,大阪府守口市佐太東町２−６−１４ジャガーグリーン２Ｆ,34.7560955,135.5885314,chunithm;dance_around;ddr;drs;gitadora;iidx;jubeat;maimai_dx;nostalgia;ongeki;other;polaris_chord;popn;project_diva;sdvx,ddr_gold;gitadora_dm_arena;gitadora_gf_arena;iidx_lm;popn_pikapika;sdvx_vm,allnet;eagate;ziv
ラウンドワン宮崎店,宮崎県宮崎市中村東３−４−６０,31.8953441,131.4175947,chunithm;dance_around;ddr;drs;gitadora;iidx;jubeat;maimai_dx;nostalgia;ongeki;polaris_chord;popn;sdvx,ddr_gold;gitadora_dm_arena;gitadora_gf_arena;iidx_lm;popn_pikapika;sdvx_vm,allnet;eagate
ラウンドワン富士店,静岡県富士市八代町４−１５,35.1531225,138.6938123,chunithm;dance_around;ddr;gitadora;iidx;jubeat;maimai_dx;nostalgia;ongeki;other;polaris_chord;popn;sdvx,ddr_gold;gitadora_dm_arena;gitadora_gf_arena;iidx_lm;popn_pikapika;sdvx_vm,allnet;eagate;ziv
ラウンドワン岡山妹尾店,岡山県岡山市南区妹尾３４１３−１,34.6230198,133.8695548,chunithm;ddr;drs;gitadora;iidx;maimai_dx;ongeki;polaris_chord;popn;sdvx,ddr_gold;gitadora_dm_arena;gitadora_gf_arena;iidx_lm;popn_pikapika;sdvx_vm,allnet;eagate
ラウンドワン岸和田店,大阪府岸和田市八阪町２−１１−１,34.4565318,135.3885664,chunithm;dance_around;ddr;gitadora;iidx;jubeat;maimai_dx;nostalgia;ongeki;other;polaris_chord;popn;sdvx;taiko,ddr_gold;gitadora_dm_arena;gitadora_gf_arena;iidx_lm;popn_pikapika;sdvx_vm,allnet;eagate;ziv
ラウンドワン川崎大師店,神奈川県川崎市川崎区殿町１−５−１,35.5380415,139.7416951,chunithm;dance_around;ddr;drs;gitadora;iidx;maimai_dx;ongeki;polaris_chord;popn;sdvx,ddr_gold;gitadora_dm_arena;gitadora_gf_arena;iidx_lm;popn_pikapika;sdvx_vm,allnet;eagate
ラウンドワン市原店,千葉県市原市八幡北町３−５−１,35.5474925,140.1233713,chunithm;ddr;drs;gitadora;iidx;jubeat;maimai_dx;nostalgia;ongeki;other;polaris_chord;popn;sdvx,ddr_gold;gitadora_dm_arena;gitadora_gf_arena;iidx_lm;popn_pikapika;sdvx_vm,allnet;eagate;ziv
ラウンドワン市川鬼高店,千葉県市川市鬼高４−１−３,35.7112207,139.9274795,chunithm;dance_around;ddr;drs;gitadora;iidx;jubeat;maimai_dx;nostalgia;ongeki;other;polaris_chord;popn;project_diva;sdvx,ddr_gold;gitadora_dm_arena;gitadora_gf_arena;iidx_lm;popn_pikapika;sdvx_vm,allnet;eagate;ziv
ラウンドワン広島店,広島県広島市中区立町３−１１,34.3937013,132.4601039,chunithm;dance_around;ddr;drs;gitadora;iidx;jubeat;maimai_dx;nostalgia;ongeki;other;polaris_chord;popn;sdvx;taiko,ddr_gold;gitadora_dm_arena;gitadora_gf_arena;iidx_lm;popn_pikapika;sdvx_vm,allnet;eagate;ziv
ラウンドワン府中本町駅前,東京都府中市本町１−１３−３カネタビル,35.6672709,139.4774004,chunithm;dance_around;ddr;drs;gitadora;iidx;jubeat;maimai_dx;nostalgia;ongeki;other;polaris_chord;popn;sdvx;taiko,ddr_gold;gitadora_dm_arena;gitadora_gf_arena;iidx_lm;popn_pikapika;sdvx_vm,allnet;eagate;ziv
ラウンドワン所沢店,埼玉県所沢市東町５丁目２２ ６階,35.7888614,139.4695620,chunithm;dance_around;ddr;gitadora;iidx;jubeat;maimai_dx;ongeki;polaris_chord;popn;sdvx,ddr_gold;gitadora_dm_arena;gitadora_gf_arena;iidx_lm;popn_pikapika;sdvx_vm,allnet;eagate
ラウンドワン新潟店,新潟県新潟市中央区美咲町２−１−３８,37.8881096,139.0176867,chunithm;dance_around;ddr;gitadora;iidx;jubeat;maimai_dx;nostalgia;ongeki;polaris_chord;popn;sdvx,ddr_gold;gitadora_dm_arena;gitadora_gf_arena;iidx_lm;popn_pikapika;sdvx_vm,allnet;eagate
ラウンドワン旭川店,北海道旭川市永山三条１−４−７,43.7863735,142.3974371,chunithm;dance_around;ddr;drs;gitadora;iidx;maimai_dx;ongeki;polaris_chord;popn;sdvx,ddr_gold;gitadora_dm_arena;gitadora_gf_arena;iidx_lm;popn_pikapika;sdvx_vm,allnet;eagate
ラウンドワン札幌すすきの店,北海道札幌市中央区南五条西3-6-1,43.0545356,141.3545240,chunithm;dance_around;ddr;drs;gitadora;iidx;jubeat;maimai_dx;nostalgia;ongeki;other;polaris_chord;popn;project_diva;sdvx;taiko,ddr_gold;gitadora_dm_arena;gitadora_gf_arena;iidx_lm;popn_pikapika;sdvx_vm,allnet;eagate;ziv
ラウンドワン札幌北２１条店,北海道札幌市東区北二十一条東１−１−２１,43.0867627,141.3497046,chunithm;dance_around;ddr;gitadora;iidx;maimai_dx;nostalgia;ongeki;polaris_chord;popn;sdvx,ddr_gold;gitadora_dm_arena;gitadora_gf_arena;iidx_lm;popn_pikapika;sdvx_vm,allnet;eagate
ラウンドワン東淀川店,大阪府大阪市東淀川区菅原７−１４−２８,34.7427577,135.5250375,chunithm;dance_around;ddr;gitadora;iidx;jubeat;maimai_dx;nostalgia;ongeki;polaris_chord;popn;sdvx,ddr_gold;gitadora_dm_arena;gitadora_gf_arena;iidx_lm;popn_pikapika;sdvx_vm,allnet;eagate
ラウンドワン板橋店,東京都板橋区相生町１６−１３,35.7766273,139.6786153,chunithm;dance_around;ddr;drs;gitadora;iidx;jubeat;maimai_dx;ongeki;polaris_chord;popn;sdvx,ddr_gold;gitadora_dm_arena;gitadora_gf_arena;iidx_lm;popn_pikapika;sdvx_vm,allnet;eagate
ラウンドワン梅田店,大阪府大阪市北区小松原町４−１６,34.7030460,135.5010682,chunithm;dance_around;ddr;drs;gitadora;iidx;jubeat;maimai_dx;nostalgia;ongeki;other;polaris_chord;popn;sdvx;taiko,ddr_gold;gitadora_dm_arena;gitadora_gf_arena;iidx_lm;popn_pikapika;sdvx_vm,allnet;eagate;ziv
ラウンドワン横浜駅西口店,神奈川県横浜市西区南幸２−８−１６,35.4639294,139.6179961,chunithm;dance_around;ddr;drs;gitadora;iidx;jubeat;maimai_dx;nostalgia;ongeki;other;polaris_chord;popn;project_diva;sdvx;taiko,ddr_gold;gitadora_dm_arena;gitadora_gf_arena;iidx_lm;popn_pikapika;sdvx_vm,allnet;eagate;ziv
ラウンドワン武蔵村山店,東京都武蔵村山市伊奈平３−１−１,35.7353291,139.3823619,chunithm;dance_around;ddr;drs;gitadora;iidx;maimai_dx;ongeki;polaris_chord;popn;sdvx,ddr_gold;gitadora_dm_arena;gitadora_gf_arena;iidx_lm;popn_pikapika;sdvx_vm,allnet;eagate
ラウンドワン池袋店,東京都豊島区東池袋１−１４−１,35.7301352,139.7152049,chunithm;dance_around;ddr;drs;gitadora;iidx;jubeat;maimai_dx;nostalgia;ongeki;polaris_chord;popn;project_diva;sdvx,ddr_gold;gitadora_dm_arena;gitadora_gf_arena;iidx_lm;popn_pikapika;sdvx_vm,allnet;eagate
ラウンドワン沖縄・南風原店,沖縄県島尻郡南風原町字兼城５５２番地,26.1951082,127.7209626,chunithm;ddr;drs;gitadora;iidx;jubeat;maimai_dx;nostalgia;ongeki;other;polaris_chord;popn;project_diva;sdvx,ddr_gold;gitadora_dm_arena;gitadora_gf_arena;iidx_lm;popn_pikapika;sdvx_vm,allnet;eagate;ziv
ラウンドワン沖縄・宜野湾店,沖縄県宜野湾市真志喜３−２８−８,26.2758542,127.7310091,chunithm;ddr;drs;gitadora;iidx;jubeat;maimai_dx;ongeki;polaris_chord;popn;sdvx,ddr_gold;gitadora_dm_arena;gitadora_gf_arena;iidx_lm;popn_pikapika;sdvx_vm,allnet;eagate
ラウンドワン浜松店,静岡県浜松市中央区天王町諏訪１９８１−１７,34.7379036,137.7641716,chunithm;dance_around;ddr;drs;gitadora;iidx;maimai_dx;ongeki;polaris_chord;popn;sdvx,ddr_gold;gitadora_dm_arena;gitadora_gf_arena;iidx_lm;popn_pikapika;sdvx_vm,allnet;eagate
ラウンドワン熊本店,熊本県熊本市西区春日7-25-15,32.7850486,130.6775472,chunithm;dance_around;ddr;drs;gitadora;iidx;maimai_dx;nostalgia;ongeki;polaris_chord;popn;sdvx,ddr_gold;gitadora_dm_arena;gitadora_gf_arena;iidx_lm;popn_pikapika;sdvx_vm,allnet;eagate
ラウンドワン福山店,広島県福山市明神町１−９−２８,34.4892062,133.3924382,chunithm;dance_around;ddr;drs;gitadora;iidx;maimai_dx;ongeki;other;polaris_chord;popn;sdvx,ddr_gold;gitadora_dm_arena;gitadora_gf_arena;iidx_lm;popn_pikapika;sdvx_vm,allnet;eagate;ziv
ラウンドワン福岡天神店,福岡県福岡市中央区天神２−６−１２,33.5894630,130.3967853,chunithm;dance_around;ddr;drs;gitadora;iidx;jubeat;maimai_dx;ongeki;other;polaris_chord;popn;sdvx,ddr_gold;gitadora_dm_arena;gitadora_gf_arena;iidx_lm;popn_pikapika;sdvx_vm,allnet;eagate;ziv
ラウンドワン習志野店,千葉県習志野市芝園１−４−５,35.6602102,140.0226100,chunithm;ddr;drs;gitadora;iidx;maimai_dx;nostalgia;ongeki;polaris_chord;popn;sdvx,ddr_gold;gitadora_dm_arena;gitadora_gf_arena;iidx_lm;popn_pikapika;sdvx_vm,allnet;eagate
ラウンドワン豊橋店,愛知県豊橋市大岩町字岩田２７−２,34.7237006,137.4326113,chunithm;dance_around;ddr;gitadora;iidx;maimai_dx;ongeki;polaris_chord;popn;sdvx,ddr_gold;gitadora_dm_arena;gitadora_gf_arena;iidx_lm;popn_pikapika;sdvx_vm,allnet;eagate
ラウンドワン金沢店,石川県金沢市横川6-120-1,36.5420630,136.6259888,chunithm;dance_around;ddr;drs;gitadora;iidx;jubeat;maimai_dx;nostalgia;ongeki;polaris_chord;popn;sdvx,ddr_gold;gitadora_dm_arena;gitadora_gf_arena;iidx_lm;popn_pikapika;sdvx_vm,allnet;eagate
ラウンドワン長野店,長野県長野市大字東和田８２７番地６,36.6511151,138.2254058,chunithm;dance_around;ddr;gitadora;iidx;jubeat;maimai_dx;nostalgia;ongeki;polaris_chord;popn;sdvx,ddr_gold;gitadora_dm_arena;gitadora_gf_arena;iidx_lm;popn_pikapika;sdvx_vm,allnet;eagate
ラウンドワン青森店,青森県青森市浜田３−１−１,40.7986939,140.7484106,chunithm;dance_around;ddr;drs;gitadora;iidx;jubeat;maimai_dx;nostalgia;ongeki;other;polaris_chord;popn;sdvx;taiko,ddr_gold;gitadora_dm_arena;gitadora_gf_arena;iidx_lm;popn_pikapika;sdvx_vm,allnet;eagate;ziv
ラウンドワン静岡・駿河店,静岡県静岡市駿河区向手越１丁目１０−１,34.9509793,138.3605224,chunithm;dance_around;ddr;gitadora;iidx;maimai_dx;ongeki;polaris_chord;popn;sdvx,ddr_gold;gitadora_dm_arena;gitadora_gf_arena;iidx_lm;popn_pikapika;sdvx_vm,allnet;eagate
ラウンドワン高松店,香川県高松市松島町２−７−４３,34.3389079,134.0670672,chunithm;dance_around;ddr;drs;gitadora;iidx;maimai_dx;ongeki;polaris_chord;popn;sdvx,ddr_gold;gitadora_dm_arena;gitadora_gf_arena;iidx_lm;popn_pikapika;sdvx_vm,allnet;eagate
ラウンドワン高槻店,大阪府高槻市辻子３−６−４,34.8326157,135.6300541,chunithm;dance_around;ddr;gitadora;iidx;maimai_dx;ongeki;polaris_chord;popn;sdvx,ddr_gold;gitadora_dm_arena;gitadora_gf_arena;iidx_lm;popn_pikapika;sdvx_vm,allnet;eagate
ラウンドワン高知店,高知県高知市南宝永町４−１２,33.5578349,133.5543516,chunithm;dance_around;ddr;drs;gitadora;iidx;jubeat;maimai_dx;nostalgia;ongeki;other;polaris_chord;popn;project_diva;sdvx,ddr_gold;gitadora_dm_arena;gitadora_gf_arena;iidx_lm;popn_pikapika;sdvx_vm,allnet;eagate;ziv
ラウンドワン鳴海店,愛知県名古屋市緑区鳴海町杜若２８,35.0989113,136.9527377,chunithm;dance_around;drs;gitadora;iidx;jubeat;maimai_dx;ongeki;other;polaris_chord;popn;sdvx;taiko,gitadora_dm_arena;gitadora_gf_arena;iidx_lm;popn_pikapika;sdvx_vm,allnet;eagate;ziv
ラウンドワン鹿児島宇宿店,鹿児島県鹿児島市宇宿2-2-2,31.5447366,130.5434185,chunithm;dance_around;ddr;drs;gitadora;iidx;jubeat;maimai_dx;nostalgia;ongeki;polaris_chord;popn;project_diva;sdvx,ddr_gold;gitadora_dm_arena;gitadora_gf_arena;iidx_lm;popn_pikapika;sdvx_vm,allnet;eagate
ラッキーバッティングドーム八千代店,千葉県八千代市大和田新田1088,35.7245286,140.0673411,chunithm;drs;gitadora;iidx;jubeat;maimai_dx;nostalgia;ongeki;polaris_chord;popn;sdvx,gitadora_dm_arena;gitadora_gf_arena;iidx_lm;popn_pikapika;sdvx_vm,allnet;eagate
ラッキー中央店・フェリシダ,千葉県千葉市中央区富士見2-8-1,35.6102534,140.1182646,chunithm;ddr;drs;gitadora;iidx;jubeat;maimai_dx;nostalgia;ongeki;other;polaris_chord;popn;project_diva;reflec;sdvx,ddr_gold;gitadora_dm_arena;gitadora_gf_arena;iidx_lm;popn_pikapika;sdvx_vm,allnet;eagate;ziv
大慶園,市川市大町359,35.7630430,139.9693300,ddr;drs;gitadora;iidx;jubeat;nostalgia;popn,popn_pikapika,eagate
岐阜レジャーランド穂積店,岐阜県瑞穂市稲里630番地,35.3843322,136.6846639,chunithm;ddr;drs;gitadora;iidx;jubeat;maimai_dx;ongeki;other;polaris_chord;popn;project_diva;sdvx,ddr_gold;gitadora_dm_arena;gitadora_gf_arena;iidx_lm;popn_pikapika;sdvx_vm,allnet;eagate;ziv
嶺宝スポーツセンター,福島県いわき市小名浜住吉折返２−２,36.9742495,140.8905580,chunithm;drs;gitadora;iidx;jubeat;maimai_dx;nostalgia;ongeki;other;popn;sdvx,gitadora_dm_arena;gitadora_gf_arena;iidx_lm;popn_pikapika;sdvx_vm,allnet;eagate;ziv
楽市楽座イオンモール福岡伊都店,福岡県福岡市西区北原1-3-1イオンモール福岡伊都SC別館,33.5770481,130.2564028,chunithm;ddr;drs;gitadora;iidx;jubeat;maimai_dx;nostalgia;ongeki;other;polaris_chord;popn;sdvx,ddr_gold;gitadora_dm_arena;gitadora_gf_arena;iidx_lm;popn_pikapika;sdvx_vm,allnet;eagate;ziv
楽市楽座サンストリート浜北店,浜松市浜名区平口2861サンストリート浜北内 M-207,34.7946727,137.7607979,ddr;drs;gitadora;iidx;jubeat;popn;sdvx,ddr_gold;gitadora_dm_arena;gitadora_gf_arena;iidx_lm;popn_pikapika;sdvx_vm,eagate
楽市楽座黒崎店,福岡県北九州市八幡西区桜ヶ丘町１−３フレスポ黒崎２階,33.8656842,130.7560629,chunithm;ddr;drs;gitadora;iidx;jubeat;maimai_dx;nostalgia;ongeki;other;popn;project_diva;sdvx,ddr_gold;gitadora_dm_arena;gitadora_gf_arena;iidx_lm;popn_pikapika;sdvx_vm,allnet;eagate;ziv
楽市街道箱崎店,福岡県福岡市東区箱崎５丁目１番８号,33.6242624,130.4196214,chunithm;dance_evo;ddr;gitadora;iidx;jubeat;maimai_dx;nostalgia;ongeki;popn;project_diva;sdvx,ddr_gold;gitadora_dm_arena;gitadora_gf_arena;iidx_lm;popn_pikapika;sdvx_vm,allnet;eagate
神奈川レジャーランド厚木店,神奈川県厚木市戸室5-31-1,35.4481120,139.3431770,chunithm;dance_evo;ddr;drs;gitadora;iidx;jubeat;maimai_dx;nostalgia;ongeki;other;polaris_chord;popn;project_diva;reflec;sdvx,ddr_gold;gitadora_dm_arena;gitadora_gf_arena;iidx_lm;popn_pikapika;sdvx_vm,allnet;eagate;ziv
群馬レジャーランド高崎駅東口店,群馬県高崎市江木町３３３−１高崎ＥＸビル,36.3298716,139.0128575,chunithm;ddr;drs;gitadora;iidx;jubeat;maimai_dx;nostalgia;ongeki;other;polaris_chord;popn;sdvx,ddr_gold;gitadora_dm_arena;gitadora_gf_arena;iidx_lm;popn_pikapika;sdvx_vm,allnet;eagate;ziv
遊ランド春光店,旭川市春光1条7-2-25,43.7981920,142.3739830,drs;iidx;jubeat;nostalgia;popn;sdvx,iidx_lm;sdvx_vm,eagate
Ａ．Ｃ．グランド,岐阜県岐阜市茜部大川1-77,35.3830948,136.7461877,chunithm;ddr;drs;gitadora;iidx;jubeat;maimai_dx;nostalgia;ongeki;other;polaris_chord;popn;project_diva;reflec;sdvx;taiko,ddr_gold;gitadora_dm_arena;gitadora_gf_arena;iidx_lm;popn_pikapika;sdvx_vm,allnet;eagate;ziv
ＧＡＭＥＢＡＮＫ仙台泉店,宮城県仙台市泉区大沢２−５−４,38.3527525,140.8774030,chunithm;ddr;drs;gitadora;iidx;jubeat;maimai_dx;nostalgia;ongeki;other;popn;project_diva;sdvx,gitadora_dm_arena;iidx_lm;sdvx_vm,allnet;eagate;ziv
ＧｉＧＯイオンモール日根野,大阪府泉佐野市日根野２４９６−１イオンモール日根野２Ｆ,34.3924081,135.3341508,chunithm;drs;iidx;nostalgia;polaris_chord;popn,iidx_lm,allnet;eagate
ＧｉＧＯスマーク伊勢崎,群馬県伊勢崎市西小保方町３６８スマーク伊勢崎３Ｆ ３０２区画,36.3391744,139.2330425,chunithm;drs;iidx;jubeat;maimai_dx;nostalgia;ongeki;other;polaris_chord;project_diva;sdvx,iidx_lm;sdvx_vm,allnet;eagate;ziv
ＧｉＧＯデイズタウンつくば,茨城県つくば市竹園１-９−２デイズタウンつくば地下１Ｆ,36.0777294,140.1153316,chunithm;dance_evo;ddr;drs;gitadora;iidx;jubeat;maimai_dx;museca;nostalgia;ongeki;other;polaris_chord;popn;project_diva;reflec;sdvx,ddr_gold;gitadora_dm_arena;gitadora_gf_arena;iidx_lm;popn_pikapika;sdvx_vm,allnet;eagate;ziv
ＧｉＧＯトナリエ四日市,三重県四日市市安島１丁目３番３１号トナリエ四日市５階,34.9686061,136.6166547,chunithm;drs;iidx;jubeat;maimai_dx;ongeki;other;polaris_chord;popn;project_diva;sdvx;taiko,iidx_lm;sdvx_vm,allnet;eagate;ziv
ＧｉＧＯヒタチエ,茨城県日立市幸町１丁目１６番１号ヒタチエ５階,36.5918049,140.6590163,chunithm;drs;iidx;jubeat;maimai_dx;ongeki;popn;reflec,,allnet;eagate
ＧｉＧＯ仙台,宮城県仙台市青葉区中央２−５−５三経６０ビル,38.2616214,140.8767359,chunithm;ddr;drs;iidx;maimai_dx;nostalgia;ongeki;other;polaris_chord;popn;project_diva;sdvx,ddr_gold;iidx_lm;popn_pikapika;sdvx_vm,allnet;eagate;ziv
ＧｉＧＯ北岡崎,愛知県岡崎市錦町２番地４,34.9733728,137.1599159,chunithm;ddr;drs;gitadora;iidx;jubeat;maimai_dx;nostalgia;ongeki;other;polaris_chord;popn;project_diva;sdvx,ddr_gold;gitadora_dm_arena;gitadora_gf_arena;iidx_lm;popn_pikapika;sdvx_vm,allnet;eagate;ziv
ＧｉＧＯ名張,三重県名張市希央台３番町１５,34.6235067,136.1035133,chunithm;drs;maimai_dx;nostalgia;ongeki;other,,allnet;eagate;ziv
ＧｉＧＯ天童,山形県天童市南町１−５−２６,38.3429386,140.3741282,chunithm;ddr;drs;gitadora;iidx;jubeat;maimai_dx;nostalgia;ongeki;other;polaris_chord;popn;project_diva;sdvx,ddr_gold;iidx_lm;sdvx_vm,allnet;eagate;ziv
ＧｉＧＯ宇都宮,栃木県宇都宮市東宿郷５−１−７,36.5583104,139.9088155,chunithm;ddr;drs;gitadora;iidx;jubeat;maimai_dx;nostalgia;ongeki;other;polaris_chord;popn;project_diva;sdvx,ddr_gold;gitadora_dm_arena;gitadora_gf_arena;iidx_lm;popn_pikapika;sdvx_vm,allnet;eagate;ziv
ＧｉＧＯ川口,埼玉県川口市東領家２−２−１０,35.7948508,139.7475285,chunithm;drs;maimai_dx;nostalgia;ongeki;other;polaris_chord;project_diva,,allnet;eagate;ziv
ＧｉＧＯ布施,大阪府東大阪市長堂１−１−１ロンモール布施内,34.6641110,135.5627449,chunithm;ddr;drs;gitadora;iidx;jubeat;maimai_dx;nostalgia;ongeki;other;polaris_chord;popn;project_diva;sdvx,ddr_gold;iidx_lm;popn_pikapika;sdvx_vm,allnet;eagate;ziv
ＧｉＧＯ日和田,福島県郡山市日和田町字西中島７−１,37.4482007,140.3804128,chunithm;drs;maimai_dx;ongeki;other;project_diva,,allnet;eagate;ziv
ＧｉＧＯ明石,兵庫県明石市魚住町清水２４６４−１,34.7200565,134.8968320,chunithm;drs;gitadora;maimai_dx;nostalgia;ongeki;other,,allnet;eagate;ziv
ＧｉＧＯ春日井,愛知県春日井市岩野町４１８０,35.2695446,136.9605146,chunithm;drs;iidx;jubeat;maimai_dx;nostalgia;ongeki;other;project_diva;sdvx;taiko,iidx_lm;sdvx_vm,allnet;eagate;ziv
ＧｉＧＯ武雄,佐賀県武雄市武雄町富岡１２５１７−１,33.1993539,130.0346461,chunithm;drs;jubeat;maimai_dx;nostalgia;ongeki;other;polaris_chord;project_diva,,allnet;eagate;ziv
ＧｉＧＯ水戸,茨城県水戸市宮町１−７−４４コムボックス３１０,36.3694663,140.4745213,chunithm;ddr;drs;gitadora;iidx;jubeat;maimai_dx;nostalgia;ongeki;other;polaris_chord;popn;project_diva;sdvx,ddr_gold;iidx_lm;popn_pikapika;sdvx_vm,allnet;eagate;ziv
ＧｉＧＯ福岡天神,福岡県福岡市中央区天神２−７−６ＤＡＤＡビル,33.5898893,130.3966097,chunithm;ddr;drs;gitadora;iidx;maimai_dx;nostalgia;ongeki;other;polaris_chord;popn;project_diva;sdvx,ddr_gold;gitadora_dm_arena;gitadora_gf_arena;iidx_lm;popn_pikapika;sdvx_vm,allnet;eagate;ziv
ＧｉＧＯ秋葉原３号館,東京都千代田区外神田１‐１１‐１１外神田１丁目ビルディング,35.6992573,139.7709038,chunithm;ddr;drs;gitadora;iidx;jubeat;maimai_dx;nostalgia;ongeki;other;polaris_chord;popn;project_diva;sdvx;taiko,ddr_gold;gitadora_dm_arena;gitadora_gf_arena;iidx_lm;popn_pikapika;sdvx_vm,allnet;eagate;ziv
ＧｉＧＯ総本店,東京都豊島区東池袋一丁目１３番６号,35.7295307,139.7147102,chunithm;ddr;drs;gitadora;iidx;jubeat;maimai_dx;nostalgia;ongeki;other;polaris_chord;popn;project_diva;sdvx;taiko,ddr_gold;gitadora_dm_arena;gitadora_gf_arena;iidx_lm;popn_pikapika;sdvx_vm,allnet;eagate;ziv
ＧｉＧＯ足利朝倉,栃木県足利市朝倉町２４４‐１,36.3224907,139.4503431,chunithm;drs;gitadora;iidx;jubeat;maimai_dx;nostalgia;ongeki;polaris_chord;popn;sdvx,gitadora_dm_arena;gitadora_gf_arena;iidx_lm;popn_pikapika;sdvx_vm,allnet;eagate
ＧｉＧＯ難波アビオン,大阪府大阪市浪速区難波中２−３−１５ ＭＭＯビルＢ１Ｆ〜３Ｆ,34.6627327,135.5033112,chunithm;ddr;drs;gitadora;iidx;maimai_dx;nostalgia;ongeki;other;polaris_chord;popn;project_diva;reflec;sdvx,ddr_gold;gitadora_dm_arena;gitadora_gf_arena;iidx_lm;popn_pikapika;sdvx_vm,allnet;eagate;ziv
ＧｉＧＯ高城,大分県大分市牧１−１６１−８,33.2417094,131.6372654,chunithm;drs;gitadora;iidx;jubeat;maimai_dx;nostalgia;ongeki;other;polaris_chord;popn;project_diva;sdvx,iidx_lm;sdvx_vm,allnet;eagate;ziv
ＧｉＧＯ龍ヶ崎,茨城県龍ケ崎市藤ケ丘４−２−８,35.9385388,140.1959422,chunithm;drs;jubeat;maimai_dx;nostalgia;ongeki;other;project_diva,,allnet;eagate;ziv
ｎａｍｃｏ新潟店,新潟県新潟市中央区南笹口１ー１ー１ ひもろぎビル２Ｆ,37.9083798,139.0639094,chunithm;drs;iidx;maimai_dx;ongeki;other;popn;sdvx,iidx_lm;sdvx_vm,allnet;eagate;ziv
ｎａｍｃｏ豊岡店,兵庫県豊岡市中陰字大工６１７３階,35.5549774,134.8122757,chunithm;drs;ongeki;project_diva;sdvx,sdvx_vm,allnet;eagate
ＰＡＬＯ防府,山口県防府市中央町１−３イオン防府店３Ｆ,34.0522015,131.5696784,chunithm;dance_evo;gitadora;iidx;maimai_dx;nostalgia;ongeki;other;polaris_chord;popn;sdvx,iidx_lm;sdvx_vm,allnet;eagate;ziv
YURAKUCHO,"N 5-7A,Rua de Sacadura Cabral N14-18B,R/C E,EDF.POU SENG",22.1991168,113.5469361,chunithm;ddr;drs;gitadora;iidx;jubeat;maimai_dx;nostalgia;other;popn;sdvx;taiko,,allnet;ziv
兒童王國,"澳門永華街3-91 號僑光大廈, Macau, Macau, 999078",22.2105391,113.5525042,drs;gitadora;jubeat;maimai_dx;other;taiko,,ziv
新遊戲,"永華街57號僑光工業大廈地下H舖, Macau, 999078",22.2104124,113.5521863,drs;gitadora;jubeat;maimai_dx;other;taiko,,ziv
Ripley's Adventureland,"Lot SA - T2C - B13, Level 4, SkyAvenue, Genting Highlands Resort Genting Highlands Pahang, 69000, Genting Highlands",3.4249740,101.7964197,drs;other;taiko,,ziv
Alibaba (Capital Mall MDY),"Level-4, The Capital Mall Mandalay, Financial Center, 80th St, Bwt 27th St & 28th St, Chanayethazan Township,Mandalay, Mandalay, Chanayethazan Twsp., 05022",21.9805656,96.0842344,drs;gitadora;other;taiko,,ziv
Alibaba (The Move MDY),"Between 77x78 street & 32x33 street, Mandalay, Myanmar (Burma), Mandalay, Myanmar(Burma), Mandalay, Chanmyathazi Township, 05041",21.9409756,96.0934049,chunithm;drs;maimai_dx;other,,ziv
Alibaba (Theingi Market YGN),"Theingi Zay-C, Room (2) Ground, 2 Quarter, Shwedagon Pagoda Road, Yangon, Pabedan Township, 11142",16.7759929,96.1534488,drs;maimai_dx,,ziv
Nationaal Videogame Museum,"Luxemburglaan 1, Zoetermeer, Zuid-Holland, 2711 BD",52.0628739,4.4912525,chunithm;ddr;drs;gitadora;iidx;jubeat;maimai_dx;museca;nostalgia;ongeki;other;popn;sdvx;taiko,,ziv
TonTon Club Westergasfabriek,"Polonceaukade 27, Amsterdam, Noord-Holland, 1014 DA",52.3860121,4.8660618,ddr;drs;taiko,,ziv
GameOn @ Queen Street,"Upper Basement, 291-297 Queen Street Auckland, New Zealand Auckland City Auckland, 1010, Auckland City",-36.8513857,174.7638531,chunithm;ddr;drs;gitadora;iidx;maimai_dx;nostalgia;other;taiko,,ziv
Chiruto,"Universitetsgata 2, Oslo, 0164",59.9171207,10.7399409,drs;gitadora;jubeat;maimai_dx;nostalgia;other;popn;sdvx,,ziv
Q Power Station Power Plant Mall,"3F Power Plant Mall Rockwell Drive, Rockwell Center Makati City Metro Manila, 1200, Makati City",14.5647684,121.0362697,chunithm;drs;maimai_dx;other;sdvx;taiko,,ziv
Q Power Station SM Mall of Asia,"3/F North Wing Expansion Area, SM Mall of Asia, Ocean Drive SM Central Business District, Bay City Pasay Metro Manila, 1300, Pasay",14.5357949,120.9814882,chunithm;ddr;drs;gitadora;maimai_dx;other;sdvx;taiko,,ziv
Quantum SM City Calamba,"2F SM City Calamba Real Road, Calamba City Triangle, Brgy. Real Calamba Laguna, 4027, Calamba",14.2042132,121.1549239,chunithm;ddr;drs;gitadora;maimai_dx;other;sdvx;taiko,,ziv
Quantum SM City Grand Central,"L5, SM Grand Central, Rizal Avenue Ext. cor. Bustamante St. Caloocan Metro Manila, 1403, Caloocan",14.6552883,120.9848571,chunithm;ddr;drs;gitadora;maimai_dx;museca;other;sdvx;taiko,,ziv
Gdańsk Arcade Museum,"aleja Grunwaldzka 229, Gdańsk, Pomorskie, 80-266",54.3904725,18.5874992,drs;other;sdvx;taiko,,ziv
Arcade Lovers Game Center,"Arcade Lovers Game Center, Travessa da Agra Velha, nº 52 Armazém R/C, Trofa, Porto, 4785-100",41.3356001,-8.5490799,chunithm;drs;jubeat;maimai_dx;nostalgia;other;popn;sdvx;taiko,,ziv
PlayBowling Cascais,"R. Chesol 35, 2750-024 Aldeia de Juzo, Cascais, Lisboa, 2705-024",38.7246136,-9.4440740,drs,,ziv
Cow Play Cow Moo (Downtown East),"1 Pasir Ris Close E!Hub @ Downtown East, #04-102 Singapore Pasir Ris, 519599, Singapore",1.3757927,103.9556998,chunithm;ddr;drs;gitadora;iidx;maimai_dx;nostalgia;other;popn;sdvx;taiko,,ziv
VIRTUALAND @ Nex,"#04-65 23 Serangoon Central Singapore Serangoon, 556083, Singapore",1.3495775,103.8725082,chunithm;ddr;drs;gitadora;iidx;jubeat;maimai_dx;nostalgia;other;popn;sdvx;taiko,,ziv
Action,"서울특별시 영등포구 영등포동4가 442 Times Square mall, 4th floor, next to CGV theater Seoul 150-798 , Seoul",37.5168478,126.9027516,drs;other;sdvx;taiko,,ziv
BIG GAME LAND,"120-1, Gumijungang-ro, Gumi-si,Gyeongsangbuk-do",36.1269696,128.3352570,chunithm;drs;iidx;jubeat;maimai_dx;other;popn;sdvx,,allnet;ziv
Daegu ZZANG 짱오락실 대구점(1호점),"대구 중구 동성로 35-1 동성로2가 82-5 대구광역시 중구, 700-092, 대구광역시",35.8693511,128.5952423,ddr;drs;other;sdvx,,ziv
JUAN CPU,"31, Michuhol-daero 734beon-gil,Michuhol-gu, Incheon",37.4630241,126.6821976,chunithm;ddr;drs;gitadora;iidx;jubeat;maimai_dx;nostalgia;other;popn;sdvx;taiko,,allnet;ziv
Ppokkippokki / P2 Zone,"462-1 Buil-ro Bucheon Gyeonggi-do, 420-012, Bucheon",37.4858624,126.7815078,drs;iidx;jubeat;maimai_dx;museca;nostalgia;other;popn;sdvx;taiko,,ziv
ROYAL GAME,"454-1, Jungang-daero, Jung-gu, Daegu",35.8735075,128.5948787,chunithm;ddr;drs;gitadora;iidx;jubeat;maimai_dx;nostalgia;other;popn;sdvx,,allnet;ziv
THE BUNKER GAMEZONE,"34, Daehak-ro, Yuseong-gu, Daejeon",36.3564331,127.3430268,chunithm;ddr;drs;gitadora;iidx;jubeat;maimai_dx;nostalgia;other;popn;sdvx;taiko,,allnet;ziv
삼보게임랜드(Sambo Gameland),"1F, Judies Taehwa New Building (쥬디스태화 신관) Seomyeon 부산 (Busan), Seomyeon",35.1555551,129.0584944,chunithm;ddr;drs;gitadora;iidx;jubeat;maimai_dx;other;popn;sdvx;taiko,,ziv
짱구게임장(ZZANG GU Amusement),"8-8, Yeonseo-ro 29-gil Eunpyeong-gu, Seoul, Republic of Korea Eunpyeong-gu Seoul, 03330, Eunpyeong-gu",37.6189712,126.9196812,chunithm;ddr;drs;gitadora;iidx;jubeat;maimai_dx;nostalgia;other;popn;sdvx;taiko,,ziv
A.R.C.A.D.E.cat,"Esplugues de Llobregat Esplugues de Llobregat Catalunya, 08950, Esplugues de Llobregat",41.3771306,2.0891843,chunithm;ddr;drs;gitadora;iidx;jubeat;maimai_dx;museca;nostalgia;other;taiko,,ziv
Arcade Planet - Sevilla Retro,"Calle Jardín de la Isla 6 Bellavista Andalucía, 41012, Bellavista",37.3335993,-5.9696909,chunithm;ddr;drs;gitadora;iidx;jubeat;maimai_dx;museca;nostalgia;ongeki;other;popn;sdvx;taiko,,ziv
Gameorama,"49 Hirschengraben, Luzern, Kanton Luzern, 6003",47.0508139,8.3010292,drs;maimai_dx;other,,ziv
INF GAME Center (無限遊戲中心),"Zhongshan Road Section 1 Lane 50 No. 22 New Taipei City Banqiao District, 220, New Taipei City",25.0086270,121.4615713,chunithm;ddr;drs;gitadora;iidx;jubeat;maimai_dx;nostalgia;other;sdvx;taiko,,ziv
New Art City@Xinsanmin (新藝城 新三民店),"Sanmin Rd. Lane 39 No.3 Taichung City Fengyuan District, 420, Taichung City",24.2534159,120.7214829,chunithm;drs;maimai_dx;other;sdvx;taiko,,ziv
Rhythm Arena,"No. 86-1 Zhonghua 3rd Rd. Qianjin Dist. Kaohsiung City, 801, Qianjin Dist.",22.6280119,120.2965942,chunithm;ddr;drs;gitadora;iidx;jubeat;maimai_dx;nostalgia;other;popn;sdvx;taiko,,ziv
Tom's World@Jinwannian (湯姆熊歡樂世界),"70 Xining Road Wanhua Taipei, 108, Wanhua",25.0435372,121.5058748,chunithm;drs;gitadora;jubeat;maimai_dx;other;sdvx;taiko,,ziv
湯姆熊高雄六合店 Tom's World,"132號 Liuhe 2nd Rd 高雄市前金區六合二路 132號 Kaohsiung Qianjin District, 801649, Kaohsiung",22.6310991,120.2959532,chunithm;ddr;drs;gitadora;maimai_dx;other;sdvx;taiko,,ziv
ECHO GAMES(ZPELL),"PL2.3.SHP01094PRAHONYOTHINRD,PRACHATIPAT,TANYABURI,PRATHUMTHANI",13.9887697,100.6173520,chunithm;ddr;drs;gitadora;iidx;maimai_dx;other;sdvx;taiko,,allnet;ziv
EX10 MUSICPOD Central Ladprao,"1691, Central Ladprao 6th floor, Phahon Yothin Road Chatuchak, Chatuchak Bangkok 10900, Bangkok",13.8173744,100.5616147,chunithm;drs;gitadora;iidx;maimai_dx;nostalgia;other;sdvx;taiko,,ziv
EX10(MAYA CHIANGMAI),"55/5 M.5 CHANGPHEUK ,MEANG, CHIANGMAI",18.8026933,98.9672955,chunithm;drs;gitadora;iidx;maimai_dx;other;sdvx;taiko,,allnet;ziv
EX10(MBK),"MBK CENTERBLDG.,444 PHAYATHAI RD.,PATHUM WAN BANGKOK",13.7443293,100.5299973,chunithm;ddr;drs;gitadora;iidx;maimai_dx;other;sdvx;taiko,,allnet;ziv
Joyliday The Mall Lifestore Bangkae,"518 Phet Kasem Road Bang Khae Nuea, Bangkhae Bangkok , 10160, Bangkok",13.7148707,100.4078914,drs;other,,ziv
Let's Play MBK Center,"444, Phayathai Road Wang Mai, Pathum Wan Bangkok 10330, Bangkok",13.7447741,100.5301690,ddr;drs;gitadora;iidx;maimai_dx;other;popn;sdvx,,ziv
Arcade Club Blackpool,"74 Bloomfield Road Blackpool England, FY1 6JL, Blackpool",53.8041519,-3.0465826,ddr;drs;jubeat;maimai_dx;museca;nostalgia;other;sdvx;taiko,,ziv
Arcade Club Bury,"Ela Mill, Cork Street Bury England, BL9 7BW, Bury",53.5951081,-2.2838197,chunithm;ddr;drs;gitadora;iidx;jubeat;maimai_dx;museca;nostalgia;other;popn;sdvx;taiko,,ziv
Arcade Club Leeds,"2a Savins Mill Way Kirkstall Leeds England, LS5 3RP, Leeds",53.8156227,-1.6031883,ddr;drs;jubeat;maimai_dx;nostalgia;other;popn;taiko,,ziv
ArCains,"31 Grafton Street Liverpool England, L8 5XE, Liverpool",53.3933865,-2.9790955,chunithm;drs;maimai_dx;other;sdvx;taiko,,ziv
FreePlayCity,"ExFed 199 Eade Road London England, N4 1DN, London",51.5754211,-0.0877217,chunithm;ddr;drs;gitadora;iidx;jubeat;museca;nostalgia;ongeki;other;popn;sdvx;taiko,,ziv
High Score Farnborough,"9 Kingsmead Unit 29 Farnborough England, GU14 7SL, Farnborough",51.2915999,-0.7543766,ddr;drs;other,,ziv
High Score Southampton,"103 East Street Southampton Hampshire, SO14 3HH, Southampton",50.9016458,-1.4013308,ddr;drs;other;popn,,ziv
Playback Arcade,"Unit 20 The Galleries Shopping Centre Bristol England, BS1 3XB, Bristol",51.4568410,-2.5901905,ddr;drs;iidx;jubeat;maimai_dx;nostalgia;ongeki;other;popn;sdvx;taiko,,ziv
Akihabara Arcade and Bar,"8901 Harlan Street, Westminster,, Colorado, 80031",39.8581171,-105.0651513,chunithm;ddr;drs;iidx;jubeat;maimai_dx;nostalgia;other;popn;sdvx;taiko,,ziv;community
Albuquerque <br> (Coronado Center),"6600 Menaul Blvd NE, Albuquerque, NM 87110, USA",35.1082420,-106.5713100,chunithm;ddr;drs;maimai_dx;sdvx;taiko,,round1usa
ARCADE MONSTERS,6362 INTERNATIONAL DR ORLANDO FL 32819,28.4596379,-81.4683551,chunithm;ddr;drs;iidx;jubeat;maimai_dx;nostalgia;ongeki;other;popn;sdvx;taiko,,allnet;ziv
Arcade Monsters (Lake Mary),"1130 Townpark Ave, Suite 1122, Lake Mary, Florida, 32746",28.7885860,-81.3560626,chunithm;drs;other;popn;sdvx;taiko,,ziv
Arcade Monsters (Melbourne),"835 South Babcock Street, Melbourne, Florida, 32901",28.0950078,-80.6199064,chunithm;ddr;drs;gitadora;iidx;jubeat;maimai_dx;museca;nostalgia;other;popn;sdvx;taiko,,ziv
Arcade Monsters (Murrieta),"39809 Avenida Acacias, Murrieta, California, 92563",33.5683717,-117.1796125,chunithm;ddr;drs;gitadora;jubeat;maimai_dx;nostalgia;ongeki;other;popn;sdvx;taiko,,ziv
Arcade Monsters (Oviedo),"15 Alafaya Woods Blvd, Suite 117, Oviedo, Florida, 32765",28.6517888,-81.2068109,chunithm;ddr;drs;gitadora;iidx;jubeat;maimai_dx;museca;nostalgia;other;popn;sdvx;taiko,,ziv
Arcade Monsters (San Diego),"704 J St, San Diego, California, 92101",32.7096136,-117.1579839,chunithm;ddr;drs;gitadora;jubeat;maimai_dx;nostalgia;ongeki;other;popn;sdvx;taiko,,ziv
Arcade Odyssey,"12045 Southwest 117th Avenue, Miami, Florida, 33176",25.6556196,-80.3829644,chunithm;ddr;drs;iidx;jubeat;maimai_dx;nostalgia;other;sdvx;taiko,,ziv
Arlington <br> (Arlington Parks),"3811 S Cooper St, Arlington, TX 76015, USA",32.6801360,-97.1297020,chunithm;ddr;drs;maimai_dx;sdvx;taiko,,round1usa
Atlanta <br> (Cumberland Mall),"2860 Cumberland Mall SE, Atlanta, GA 30339, USA",33.8822370,-84.4683460,chunithm;ddr;drs;maimai_dx;sdvx;taiko,,round1usa
Auburn Hills <br> (Great Lakes Crossing),"4220 Baldwin Rd, Auburn Hills, MI 48326, USA",42.7025380,-83.2996450,chunithm;ddr;drs;maimai_dx;sdvx;taiko,,round1usa
Aurora <br> (Fox Valley Mall),"2480 Fox Valley Center Rd, Aurora, IL 60504, USA",41.7590820,-88.2116190,chunithm;ddr;drs;maimai_dx;sdvx;taiko,,round1usa
Beavercreek <br> (Fairfield Commons),"2727 Fairfield Commons, Beavercreek, OH 45431, USA",39.7673120,-84.0566500,chunithm;ddr;drs;maimai_dx;sdvx;taiko,,round1usa
Burbank <br> (Burbank Town Center),"201 E Magnolia Blvd, Burbank, CA 91502, USA",34.1836500,-118.3124020,chunithm;ddr;drs;maimai_dx;sdvx;taiko,,round1usa
Chandler <br> (Chandler Fashion Center),"3177 W Chandler Blvd, Suite #100 Chandler, AZ 85226, USA",33.3024440,-111.8985500,chunithm;ddr;drs;maimai_dx;sdvx;taiko,,round1usa
City of Industry <br> (Puente Hills Mall),"1600 S Azusa Ave, City of Industry, CA 91748, USA",33.9934050,-117.9267070,chunithm;ddr;drs;maimai_dx;sdvx;taiko,,round1usa
Concord <br> (Sunvalley Mall),"185 Sunvalley Mall, Concord, CA 94520, USA",37.9668050,-122.0613890,chunithm;ddr;drs;maimai_dx;sdvx;taiko,,round1usa
Danbury <br> (Danbury Fair),"7 Backus Ave, Danbury, CT 06810, USA",41.3793130,-73.4822740,chunithm;ddr;drs;maimai_dx;sdvx;taiko,,round1usa
Deptford Township <br> (Deptford Mall),"1750 Deptford Center Rd, Deptford Township, NJ 08096, USA",39.8315110,-75.0975440,chunithm;ddr;drs;maimai_dx;sdvx;taiko,,round1usa
DUCK! - Mall Of America,"342 Central Parkway, Bloomington, Minnesota, 55425",44.8560837,-93.2420075,chunithm;ddr;drs;maimai_dx;other;sdvx;taiko,,ziv
Edison <br> (Menlo Park Mall),"55 Parsonage Rd Space 1850A, Edison, NJ 08837, USA",40.5472240,-74.3351590,chunithm;ddr;drs;maimai_dx;sdvx;taiko,,round1usa
EightyOne Arcade Bar,"221 South Phillips Avenue, Sioux Falls, South Dakota, 57104",43.5452702,-96.7271952,ddr;drs;jubeat;nostalgia;other,,ziv
Elizabeth <br> (The Mills at Jersey Gardens),"651 Kapkowski Rd. Anchor XJ, Elizabeth, NJ 07201, USA",40.6589230,-74.1703360,chunithm;ddr;drs;maimai_dx;sdvx;taiko,,round1usa
ENTERRIUM,2 WOODFIELD MALL SCHAUMBURG IL 60173,42.0453408,-88.0340351,ddr;drs;iidx;maimai_dx;other;popn;sdvx,,allnet;ziv
Erie <br> (Millcreek Mall),"5800 Peach St, Erie, PA 16509, USA",42.0677230,-80.0977160,chunithm;ddr;drs;maimai_dx;sdvx;taiko,,round1usa
Eugene <br> (Valley River Center),"600 Valley River Ctr, Eugene, OR 97401, USA",44.0686000,-123.1082270,chunithm;ddr;drs;maimai_dx;sdvx;taiko,,round1usa
Exton <br> (Exton Square Mall),"172 Exton Square Pkwy, Exton, PA 19341, USA",40.0313630,-75.6235090,chunithm;ddr;drs;maimai_dx;sdvx;taiko,,round1usa
Flipper's Arcade & Convenience,"6615 Caratoke Highway, Grandy, North Carolina, 27939",36.2325202,-75.8731542,drs,,ziv
Game Nest,"4525 Spring Mountain Road, Suite 112, Las Vegas, Nevada, 89102",36.1253065,-115.2017679,chunithm;ddr;drs;gitadora;iidx;jubeat;maimai_dx;museca;nostalgia;ongeki;other;popn;sdvx;taiko,,ziv
Gatcha (King of Prussia Mall),"160 N Gulph Rd, Suite #2015, King of Prussia, Pennsylvania, 19406",40.0881374,-75.3934354,chunithm;drs;jubeat;maimai_dx;other;taiko,,ziv
Gatcha (Koreatown),"313 5th Ave, New York, 10016",40.7468871,-73.9854214,chunithm;ddr;drs;iidx;jubeat;maimai_dx;nostalgia;other;popn;taiko,,ziv
Gatcha at Perimeter Mall,"4400 Ashford Dunwoody Rd, Atlanta, Georgia, 30346",34.0366528,-84.1909790,chunithm;drs;maimai_dx,,ziv
GATCHA TANGRAM,133-33 37TH AVE #F1/F2 FLUSHINGNY 11354,40.7605824,-73.8337836,chunithm;ddr;drs;gitadora;maimai_dx;ongeki;other;taiko,,allnet;ziv
Glendale<br> (Arrowhead Towne Center),"7650 W Arrowhead Towne Center, Glendale, AZ 85308, USA",33.6412960,-112.2241510,chunithm;ddr;drs;maimai_dx;sdvx;taiko,,round1usa
Grapevine <br> (Grapevine Mills),"3000 Grapevine Mills Pkwy, Grapevine, TX 76051, USA",32.9657900,-97.0419440,chunithm;ddr;drs;maimai_dx;sdvx;taiko,,round1usa
Greendale <br> (Southridge Mall),"5200 S 76th St, Greendale, WI 53129, USA",42.9499260,-88.0048930,chunithm;ddr;drs;maimai_dx;sdvx;taiko,,round1usa
Greensboro <br> (Four Seasons Town Centre),"125 Four Seasons Town Centre, Suite 125 Greensboro NC 27407, USA",36.0401660,-79.8379920,chunithm;ddr;drs;maimai_dx;sdvx;taiko,,round1usa
Gurnee <br> (Gurnee Mills),"6136 W Grand Ave., Gurnee, IL 60031, USA",42.3714200,-87.9170700,chunithm;ddr;drs;maimai_dx;sdvx;taiko,,round1usa
Hamm's Arcade,"916 E BUS US 83, San Juan, 78589",26.1851073,-98.1403032,chunithm;ddr;drs;maimai_dx;ongeki;other;taiko,,ziv
Hayward <br> (Southland Mall),"551 Southland Mall Dr, Hayward, CA 94545, USA",37.6513530,-122.1035250,chunithm;ddr;drs;maimai_dx;sdvx;taiko,,round1usa
Haze's Toys & Arcade,"5800 Northgate Drive, Suite 62, San Rafael, California, 94903",38.0038280,-122.5445396,chunithm;ddr;drs;maimai_dx;ongeki;other;sdvx,,ziv
Hicksville <br> (Broadway Common),"358 N Broadway Mall, Hicksville, NY 11801, USA",40.7727390,-73.5299530,chunithm;ddr;drs;maimai_dx;sdvx;taiko,,round1usa
Holyoke <br> (Holyoke Mall),"50 Holyoke St, Holyoke, MA 01040, USA",42.1677960,-72.6411730,chunithm;ddr;drs;maimai_dx;sdvx;taiko,,round1usa
Houston <br> (Willowbrook Mall),"3000 Willowbrook Mall (A), Houston, TX 77070, USA",29.9568930,-95.5377770,chunithm;ddr;drs;maimai_dx;sdvx;taiko,,round1usa
Humble<br> (Deerbrook Mall),"20131 Highway 59 North Suite 1240, Humble, TX 77338, USA",30.0084760,-95.2698580,chunithm;ddr;drs;maimai_dx;sdvx;taiko,,round1usa
Jeremy's Downtown Arcade,"206C 12th Ave S, Nampa, Idaho, 83651",43.5776065,-116.5608671,drs;maimai_dx;other;sdvx;taiko,,ziv
Joysticks Arcade,"483 Mandalay Avenue, Clearwater, Florida, 33767",27.9817408,-82.8267593,drs;maimai_dx;nostalgia;other;popn,,ziv
Lakewood <br> (Lakewood Center Mall),"401 Lakewood Ctr Mall, Lakewood, CA 90712, USA",33.8505590,-118.1385170,chunithm;ddr;drs;maimai_dx;sdvx;taiko,,round1usa
Lancaster <br> (Park City Center),"200 Park City Center, Lancaster, PA 17601, USA",40.0688810,-76.3386920,chunithm;ddr;drs;maimai_dx;sdvx;taiko,,round1usa
Las Vegas <br> (Meadows Mall),"4300 Meadows Ln, Las Vegas, NV 89107, USA",36.1725270,-115.1965000,chunithm;ddr;drs;maimai_dx;sdvx;taiko,,round1usa
Las Vegas<br> (Las Vegas South Premium Outlets),"7400 S Las Vegas Blvd Suite 0213, Las Vegas, NV 89123, USA",36.0552790,-115.1695380,chunithm;ddr;drs;maimai_dx;sdvx;taiko,,round1usa
Leaderboard 2 Arcade Bar & Pizzeria (Shad),"5285 Shad Road, Suite 316, Jacksonville, Florida, 32257",30.1940262,-81.5774021,chunithm;ddr;drs;gitadora;iidx;jubeat;maimai_dx;museca;nostalgia;ongeki;other;sdvx;taiko,,ziv
Leaderboard 3 (Lakeshore),"2415 Blanding Blvd, Ste 9, Jacksonville, 32210",30.2746416,-81.7312700,ddr;drs;maimai_dx;other;popn;taiko,,ziv
Leaderboard Arcade Bar & Pizzeria (Wells),"1760 Wells Road, Orange Park, Florida, 32073",30.1860675,-81.7283306,chunithm;drs;iidx;jubeat;maimai_dx;other;sdvx;taiko,,ziv
Lincoln <br> (Gateway Mall),"6100 O St, Lincoln, NE 68505, USA",40.8145020,-96.6384650,chunithm;ddr;drs;maimai_dx;sdvx;taiko,,round1usa
Littleton <br> (Southwest Plaza),"8501 W Bowles Ave, Littleton, CO 80123, USA",39.6107540,-105.0955870,chunithm;ddr;drs;maimai_dx;sdvx;taiko,,round1usa
Mentor <br> (Great Lakes Mall) <br>,"7850 Mentor Ave, Mentor, OH 44060, USA",41.6582950,-81.3606310,chunithm;ddr;drs;maimai_dx;sdvx;taiko,,round1usa
Middletown <br> (Galleria at Crystal Run),"1 Galleria Dr, Middletown, NY 10941, USA",41.4529520,-74.3708590,chunithm;ddr;drs;maimai_dx;sdvx;taiko,,round1usa
Mission Viejo <br> (The Shops at Mission Viejo),"60C The Shops at Mission Viejo Mission Viejo, CA 92691, USA",33.5576860,-117.6683110,chunithm;ddr;drs;maimai_dx;sdvx;taiko,,round1usa
Moreno Valley <br> (Moreno Valley Mall),"22500 Town Cir, Moreno Valley, CA 92553, USA",33.9402140,-117.2725110,chunithm;ddr;drs;maimai_dx;sdvx;taiko,,round1usa
National City <br> (Westfield Plaza Bonita),"3030 Plaza Bonita Rd Ste 1025, National City, CA 91950, USA",32.6563420,-117.0658260,chunithm;ddr;drs;maimai_dx;sdvx;taiko,,round1usa
North Riverside <br> (North Riverside Park Mall),"7503 W Cermak Rd, North Riverside, IL 60546, USA",41.8486840,-87.8109200,chunithm;ddr;drs;maimai_dx;sdvx;taiko,,round1usa
Oklahoma City <br> (Quail Springs Mall),"2501 W Memorial Rd, Oklahoma City, OK 73134, USA",35.6125280,-97.5565730,chunithm;ddr;drs;maimai_dx;sdvx;taiko,,round1usa
Pembroke Pines <br> (Pembroke Lakes Mall),"12055 Pines Blvd, Pembroke Pines, FL 33026, USA",26.0107400,-80.3070100,chunithm;ddr;drs;maimai_dx;sdvx;taiko,,round1usa
Philadelphia <br> (Fashion District),"1001 Market St, Philadelphia, PA 19107, USA",39.9517360,-75.1568500,chunithm;ddr;drs;maimai_dx;sdvx;taiko,,round1usa
Pins & Wheels At Playland,"8822 McCann Dr, Austin, Texas, 78757",30.3730756,-97.7294634,drs;other,,ziv
Point Break Arcade,"445 Harrison Avenue, Panama City, Florida, 32401",30.1560462,-85.6605591,chunithm;ddr;drs;jubeat;maimai_dx;nostalgia;other;popn;sdvx;taiko,,ziv
PUSH START PLAY Family Entertainment Center,"1165 S Stemmons Fwy #192, Lewisville, TX, 75067",33.0285088,-96.9940210,drs;jubeat;maimai_dx;other;sdvx,,ziv
Puyallup <br> (South Hill Mall),"3500 S Meridian Unit 900, Puyallup, WA 98373, USA",47.1578360,-122.2961010,chunithm;ddr;drs;maimai_dx;sdvx;taiko,,round1usa
Reno <br> (Meadowood Mall),"5400 Meadowood Mall Cir, Reno, NV 89502, USA",39.4744570,-119.7805480,chunithm;ddr;drs;maimai_dx;sdvx;taiko,,round1usa
RhythmPitt,"Join the discord!, Pittsburgh, Pennsylvania, 15208",40.4514865,-79.9081555,chunithm;ddr;drs;gitadora;iidx;jubeat;maimai_dx;museca;nostalgia;ongeki;other;popn;sdvx,,ziv
Roseville<br> (Westfield Galleria at Roseville),"1191 Galleria Blvd., Suite 1210, Roseville, CA 95678, USA",38.7746530,-121.2697900,chunithm;ddr;drs;maimai_dx;sdvx;taiko,,round1usa
Round1 Albuquerque (Coronado Center),"6600 Menaul Blvd NE, Albuquerque, NM 87110, USA",35.1082420,-106.5713100,chunithm;ddr;drs;maimai_dx;sdvx;taiko,,round1usa
Round1 Arcade (Deerbrook Mall),"20131 U.S. 59 #1240, Humble, Texas, 77338",30.0108345,-95.2702403,dance_around;ddr;drs;gitadora;iidx;maimai_dx;other;popn;sdvx;taiko,,ziv
ROUND1 ARLINGTON PARKS,"3811 S. Cooper St., Suite 6004,Arlington TX 76015",32.6796797,-97.1295441,chunithm;dance_around;ddr;drs;gitadora;iidx;maimai_dx;museca;other;popn;sdvx;taiko,,allnet;ziv;round1usa
ROUND1 ARROWHEAD TOWN CENTER,"7650 Arrowhead Town Center, Glendale, AZ 85308",33.6413806,-112.2240577,chunithm;dance_around;ddr;drs;gitadora;iidx;maimai_dx;other;popn;sdvx;taiko,,allnet;ziv;round1usa
Round1 Atlanta (Cumberland Mall),"2860 Cumberland Mall SE, Atlanta, GA 30339, USA",33.8822370,-84.4683460,chunithm;ddr;drs;maimai_dx;sdvx;taiko,,round1usa
Round1 Auburn Hills (Great Lakes Crossing),"4220 Baldwin Rd, Auburn Hills, MI 48326, USA",42.7025380,-83.2996450,chunithm;ddr;drs;maimai_dx;sdvx;taiko,,round1usa
Round1 Bowling & Arcade  (Westfield Plaza Bonita),"3030 Plaza Bonita Road, National City, California, 91902",32.6567841,-117.0652516,chunithm;dance_around;ddr;drs;gitadora;iidx;maimai_dx;other;popn;sdvx;taiko,,ziv;round1usa
Round1 Bowling & Arcade (Broadway Commons),"972 Broadway Mall, Hicksville, New York, 11801",40.7737561,-73.5331730,chunithm;dance_around;ddr;drs;gitadora;iidx;maimai_dx;other;popn;sdvx;taiko,,ziv
Round1 Bowling & Arcade (Chandler Fashion Center),"3111 W Chandler Blvd, Chandler, Arizona, 85226",33.3010314,-111.8999679,chunithm;dance_around;ddr;drs;gitadora;iidx;maimai_dx;other;popn;sdvx;taiko,,ziv
Round1 Bowling & Arcade (Coronado Center),"6600 Menaul Boulevard Northeast, Albuquerque, New Mexico, 87110",35.1066911,-106.5756805,chunithm;dance_around;ddr;drs;gitadora;iidx;maimai_dx;museca;other;sdvx,,ziv
Round1 Bowling & Arcade (Cumberland Mall),"2860 Cumberland Mall, Atlanta, Georgia, 30339",33.8802585,-84.4670214,chunithm;dance_around;ddr;drs;gitadora;iidx;maimai_dx;other;popn;sdvx;taiko,,ziv
Round1 Bowling & Arcade (Danbury Fair),"7 Backus Avenue, Danbury, Connecticut, 06810",41.3796745,-73.4802532,chunithm;dance_around;ddr;drs;gitadora;iidx;maimai_dx;other;popn;sdvx;taiko,,ziv
Round1 Bowling & Arcade (Deptford Mall),"1750 Deptford Center Road, Deptford, New Jersey, 08096",39.8302390,-75.0978078,chunithm;dance_around;ddr;drs;gitadora;iidx;maimai_dx;other;popn;sdvx;taiko,,ziv
Round1 Bowling & Arcade (Exton Square Mall),"172 Exton Square Parkway, Exton, Pennsylvania, 19341",40.0306751,-75.6223013,chunithm;dance_around;ddr;drs;gitadora;iidx;maimai_dx;other;popn;sdvx;taiko,,ziv
Round1 Bowling & Arcade (Fairfield Commons),"2727 Fairfield Commons, Beavercreek, Ohio, 45431",39.7659582,-84.0557259,chunithm;dance_around;ddr;drs;gitadora;iidx;maimai_dx;other;popn;sdvx;taiko,,ziv
Round1 Bowling & Arcade (Grapevine Mills),"3000 Grapevine Mills Parkway, Grapevine, Texas, 76051",32.9638467,-97.0444894,chunithm;dance_around;ddr;drs;gitadora;iidx;maimai_dx;other;sdvx;taiko,,ziv
Round1 Bowling & Arcade (Great Lakes Crossing Outlets),"4220 Baldwin Rd, Suite A502, Auburn Hills, Michigan, 48326",42.7018127,-83.2980609,chunithm;dance_around;ddr;drs;gitadora;iidx;maimai_dx;other;popn;sdvx;taiko,,ziv
Round1 Bowling & Arcade (Great Lakes Mall),"7850 Mentor Avenue, Suite 200A, Mentor, Ohio, 44060",41.6588704,-81.3629822,dance_around;ddr;drs;gitadora;iidx;other;sdvx,,ziv
Round1 Bowling & Arcade (Gurnee Mills),"6170 West Grand Avenue, Gurnee, Illinois, 60031",42.3887186,-87.9597724,chunithm;dance_around;ddr;gitadora;iidx;maimai_dx;other;popn;sdvx;taiko,,ziv
Round1 Bowling & Arcade (Main Place Mall),"2800 North Main Street, Suite 1100, Santa Ana, California, 92705",33.7743722,-117.8686519,chunithm;dance_around;ddr;drs;gitadora;iidx;maimai_dx;other;popn;sdvx;taiko,,ziv;round1usa
Round1 Bowling & Arcade (Maine Mall),"364 Maine Mall Road, South Portland, Maine, 04106",43.6334348,-70.3348268,chunithm;dance_around;ddr;drs;gitadora;iidx;maimai_dx;other;popn;sdvx;taiko,,ziv;round1usa
Round1 Bowling & Arcade (Menlo Park Mall),"55 Parsonage Rd, Space 1850A, Edison, NJ, 08837",40.5461934,-74.3367040,chunithm;dance_around;ddr;drs;gitadora;iidx;maimai_dx;other;sdvx;taiko,,ziv
Round1 Bowling & Arcade (North Riverside Park Mall),"7501 West Cermak Road, North Riverside, Illinois, 60546",41.8485053,-87.8113389,chunithm;dance_around;ddr;drs;gitadora;iidx;maimai_dx;other;popn;sdvx;taiko,,ziv;round1usa
Round1 Bowling & Arcade (North Star Mall),"7400 San Pedro Avenue, San Antonio, Texas, 78216",29.5179905,-98.4945243,chunithm;dance_around;ddr;drs;gitadora;iidx;maimai_dx;other;popn;sdvx;taiko,,ziv;round1usa
Round1 Bowling & Arcade (Promenade Temecula),"40710 Winchester Road, Temecula, California, 92591",33.5262948,-117.1531965,chunithm;dance_around;ddr;drs;gitadora;iidx;maimai_dx;other;popn;sdvx;taiko,,ziv
Round1 Bowling & Arcade (Stonestown Galleria),"285 Winston Dr Space No. B1, San Francisco, California, 94132",37.7265378,-122.4778764,chunithm;dance_around;ddr;drs;gitadora;iidx;maimai_dx;other;popn;sdvx;taiko,,ziv;round1usa
Round1 Bowling & Arcade (Sunvalley Mall),"185 Sunvalley Mall, Concord, California, 94520",37.9688906,-122.0617050,chunithm;dance_around;ddr;gitadora;iidx;maimai_dx;museca;other;popn;sdvx,,ziv
Round1 Bowling & Arcade (The Shops at Skyview),"131-07 40th Road, Suite C01, Flushing, NY, 11354",40.7568800,-73.8354164,chunithm;ddr;drs;gitadora;maimai_dx;other;sdvx,,ziv
Round1 Bowling & Arcade (Valley River Center),"600 Valley River Center, Suite 101, Eugene, Oregon, 97401",44.0686091,-123.1083083,chunithm;dance_around;ddr;drs;gitadora;iidx;maimai_dx;other;popn;sdvx;taiko,,ziv;round1usa
Round1 Bowling & Arcade (Vancouver Mall),"8700 NE Vancouver Mall Rd, Vancouver, Washington , 98662",45.6582526,-122.5838721,chunithm;dance_around;ddr;drs;gitadora;iidx;other;sdvx;taiko,,ziv
Round1 Bowling & Arcade (Westfield Southcenter),"2351 Southcenter Mall, Tukwila, Washington, 98188",47.4598840,-122.2561471,chunithm;dance_around;ddr;drs;gitadora;iidx;maimai_dx;other;popn;sdvx;taiko,,ziv;round1usa
Round1 Bowling & Arcade (Willowbrook Mall),"3000 Willobrook Mall (A), Houston, TX, 77070",29.9625660,-95.5398235,chunithm;dance_around;ddr;drs;gitadora;iidx;museca;other;sdvx;taiko,,ziv
Round1 Bowling & Arcade - Millcreek Mall Complex,"5800 Peach Street, Erie, Pennsylvania, 16509",42.0688513,-80.0985504,chunithm;dance_around;ddr;gitadora;iidx;maimai_dx;museca;other;popn;sdvx;taiko,,ziv
Round1 Bowling & Arcade - Oklahoma City (Quail Springs Mall),"2501 West Memorial Road, Oklahoma City, Oklahoma, 73134",35.6131205,-97.5583516,chunithm;dance_around;ddr;drs;gitadora;iidx;maimai_dx;other;popn;sdvx,,ziv
Round1 Bowling & Arcade - Sandy (The Shops at South Town),"10600 South 110 West, Sandy, Utah, 84070",40.5623948,-111.8943787,chunithm;dance_around;ddr;drs;gitadora;iidx;maimai_dx;other;popn;sdvx;taiko,,ziv;round1usa
ROUND1 BROADWAY MALL,"358 North Broadway, Suite 1950,Hicksville, NY 11801",40.7732181,-73.5295087,chunithm;ddr;drs;maimai_dx;sdvx;taiko,,allnet;round1usa
ROUND1 BURBANK TOWN CENTER,"201 E Magnolia Blvd, Suite 145,Burbank, CA 91502",34.1833774,-118.3124048,chunithm;dance_around;ddr;drs;gitadora;iidx;maimai_dx;other;popn;sdvx;taiko,,allnet;ziv;round1usa
ROUND1 CHANDLER FASHION CENTER,"3111 W Chandler Blvd, Chandler,AZ 85226",33.3014704,-111.8984059,chunithm;ddr;drs;maimai_dx;sdvx;taiko,,allnet;round1usa
ROUND1 CRYSTAL RUN GALLERIA,"1 Galleria Dr., Suite 01, Middletown, NY 10941",41.4528370,-74.3683538,chunithm;dance_around;ddr;drs;gitadora;iidx;maimai_dx;other;popn;sdvx;taiko,,allnet;ziv
Round1 Danbury (Danbury Fair),"7 Backus Ave, Danbury, CT 06810, USA",41.3793130,-73.4822740,chunithm;ddr;drs;maimai_dx;sdvx;taiko,,round1usa
ROUND1 DEERBROOK MALL,"20131 US-59, Humble, TX 77338",30.0089636,-95.2697497,chunithm;ddr;drs;maimai_dx;sdvx;taiko,,allnet;round1usa
ROUND1 DEPTFORD MALL,"1750 Deptford Center Road,Space#2350,Deptford Township,NJ 08096",39.8314319,-75.0978249,chunithm;ddr;drs;maimai_dx;sdvx;taiko,,allnet;round1usa
ROUND1 EASTRIDGE SHOPPING CENTER,"2200 Eastridge Loop Suite 2094,San Jose, CA 95122",37.3255349,-121.8133811,chunithm;dance_around;ddr;drs;gitadora;iidx;maimai_dx;other;popn;sdvx;taiko,,allnet;ziv;round1usa
Round1 Edison (Menlo Park Mall),"55 Parsonage Rd Space 1850A, Edison, NJ 08837, USA",40.5472240,-74.3351590,chunithm;ddr;drs;maimai_dx;sdvx;taiko,,round1usa
Round1 Erie (Millcreek Mall),"5800 Peach St, Erie, PA 16509, USA",42.0677230,-80.0977160,chunithm;ddr;drs;maimai_dx;sdvx;taiko,,round1usa
Round1 Exton (Exton Square Mall),"172 Exton Square Pkwy, Exton, PA 19341, USA",40.0313630,-75.6235090,chunithm;ddr;drs;maimai_dx;sdvx;taiko,,round1usa
ROUND1 FAIRFIELD COMMONS,"2727 Fairfield Commons, Suite ANC1A, Beavercreek, OH 45431",39.7672589,-84.0566336,chunithm;ddr;drs;maimai_dx;sdvx;taiko,,allnet;round1usa
ROUND1 FASHION DISTRICT PHILADELPHIA,"1001 Market Street, #3010, Philadelphia, PA 19107",39.9519835,-75.1571648,chunithm;dance_around;ddr;drs;gitadora;iidx;maimai_dx;other;popn;sdvx;taiko,,allnet;ziv;round1usa
ROUND1 FOUR SEASONS TOWN CENTRE,"125 Four Seasons Town Centre Greensboro, NC 27407",36.0392769,-79.8384279,chunithm;dance_around;ddr;drs;gitadora;iidx;maimai_dx;other;popn;sdvx;taiko,,allnet;ziv;round1usa
ROUND1 FOX VALLEY MALL,"2480 Fox Valley Center, B13 Aurora, IL 60504",41.7588775,-88.2126401,chunithm;dance_around;ddr;drs;gitadora;iidx;maimai_dx;other;popn;sdvx;taiko,,allnet;ziv;round1usa
ROUND1 GATEWAY MALL,"6100 O St., Space 190A, Lincoln, NE 68505",40.8156596,-96.6350068,chunithm;dance_around;ddr;gitadora;iidx;maimai_dx;other;popn;sdvx;taiko,,allnet;ziv
ROUND1 GRAPEVINE MILLS,"3000 Grapevine Mills Pkwy Suite613, Grapevine, TX 76051",32.9661607,-97.0425031,chunithm;ddr;drs;maimai_dx;sdvx;taiko,,allnet;round1usa
Round1 Gurnee (Gurnee Mills),"6136 W Grand Ave., Gurnee, IL 60031, USA",42.3714200,-87.9170700,chunithm;ddr;drs;maimai_dx;sdvx;taiko,,round1usa
ROUND1 HOLYOKE MALL,"50 Holyoke Street, Space J210, Holyoke, MA 01040",42.1676302,-72.6413569,chunithm;dance_around;ddr;drs;gitadora;iidx;maimai_dx;other;popn;sdvx;taiko,,allnet;ziv;round1usa
Round1 Houston (Willowbrook Mall),"3000 Willowbrook Mall (A), Houston, TX 77070, USA",29.9568930,-95.5377770,chunithm;ddr;drs;maimai_dx;sdvx;taiko,,round1usa
ROUND1 JERSEY GARDEN,"651 Kapkowski Rd, Elizabeth, NJ07201",40.6590029,-74.1695025,chunithm;dance_around;ddr;drs;gitadora;iidx;maimai_dx;other;popn;sdvx;taiko,,allnet;ziv;round1usa
ROUND1 LAKEWOOD MALL,"401 Lakewood Ctr. Mall, Lakewood, CA 90712",33.8503969,-118.1385807,chunithm;dance_around;ddr;drs;gitadora;iidx;maimai_dx;other;popn;sdvx;taiko,,allnet;ziv;round1usa
Round1 Las Vegas (Las Vegas South Premium Outlets),"7400 S Las Vegas Blvd Suite 0213, Las Vegas, NV 89123, USA",36.0552790,-115.1695380,chunithm;ddr;drs;maimai_dx;sdvx;taiko,,round1usa
Round1 Las Vegas (Meadows Mall),"4300 Meadows Ln, Las Vegas, NV 89107, USA",36.1725270,-115.1965000,chunithm;ddr;drs;maimai_dx;sdvx;taiko,,round1usa
ROUND1 LAS VEGAS SOUTH PREMIUM OUTLETS,"7400 S. Las Vegas Blvd, Ste 0213, Las Vegas, NV, 89123",36.0510062,-115.1688657,chunithm;dance_around;ddr;gitadora;iidx;maimai_dx;other;popn;sdvx;taiko,,allnet;ziv
Round1 Lincoln (Gateway Mall),"6100 O St, Lincoln, NE 68505, USA",40.8145020,-96.6384650,chunithm;ddr;drs;maimai_dx;sdvx;taiko,,round1usa
Round1 Littleton (Southwest Plaza),"8501 W Bowles Ave, Littleton, CO 80123, USA",39.6107540,-105.0955870,chunithm;ddr;drs;maimai_dx;sdvx;taiko,,round1usa
ROUND1 MEADOWOOD MALL,"5400 Meadowood Mall Circle,Reno,NV 89502",39.4745831,-119.7804218,chunithm;ddr;drs;gitadora;iidx;maimai_dx;other;sdvx;taiko,,allnet;ziv;round1usa
ROUND1 MEADOWS MALL,"4000 Meadows Ln Suite 100, Las Vegas, NV 89107",36.1726720,-115.1947320,dance_around;ddr;gitadora;iidx;maimai_dx;other;sdvx,,allnet;ziv
Round1 Mentor (Great Lakes Mall),"7850 Mentor Ave, Mentor, OH 44060, USA",41.6582950,-81.3606310,chunithm;ddr;drs;maimai_dx;sdvx;taiko,,round1usa
Round1 Middletown (Galleria at Crystal Run),"1 Galleria Dr, Middletown, NY 10941, USA",41.4529520,-74.3708590,chunithm;ddr;drs;maimai_dx;sdvx;taiko,,round1usa
Round1 Moreno Valley (Moreno Valley Mall),"22500 Town Cir, Moreno Valley, CA 92553, USA",33.9402140,-117.2725110,chunithm;ddr;drs;maimai_dx;sdvx;taiko,,round1usa
ROUND1 MORENO VALLEY MALL,"22500 Town Circle Suite 2030, Moreno Valley, CA 92553",33.9387359,-117.2713013,chunithm;dance_around;ddr;drs;gitadora;iidx;maimai_dx;other;popn;sdvx;taiko,,allnet;ziv
ROUND1 NORTHRIDGE MALL,"1600 Northridge Mall, #200, Salinas, CA 93906",36.7169000,-121.6581870,chunithm;dance_around;ddr;drs;gitadora;iidx;maimai_dx;other;popn;sdvx;taiko,,allnet;ziv
Round1 Oklahoma City (Quail Springs Mall),"2501 W Memorial Rd, Oklahoma City, OK 73134, USA",35.6125280,-97.5565730,chunithm;ddr;drs;maimai_dx;sdvx;taiko,,round1usa
ROUND1 PARK CITY CENTER,"200 Park City Center, Lancaster, PA 17601",40.0688229,-76.3388131,chunithm;dance_around;ddr;drs;gitadora;iidx;maimai_dx;other;popn;sdvx;taiko,,allnet;ziv;round1usa
ROUND1 PARK PLACE MALL,"5950 E Broadway Blvd Suite 110,Tucson, AZ 85711",32.2204809,-110.8637691,chunithm;dance_around;ddr;drs;iidx;maimai_dx;museca;other;sdvx;taiko,,allnet;ziv;round1usa
ROUND1 PEMBROKE LAKES MALL,"12055 Pines BLVD, Pembroke Pines, FL 33026",26.0105910,-80.3078580,chunithm;dance_around;ddr;drs;gitadora;iidx;maimai_dx;museca;other;popn;sdvx;taiko,,allnet;ziv;round1usa
ROUND1 POTOMAC MILLS MALL,"2700 Potomac Mills Circle, Suite 882, Woodbridge, VA 22192",38.6433621,-77.2961829,chunithm;dance_around;ddr;drs;gitadora;iidx;maimai_dx;other;popn;sdvx;taiko,,allnet;ziv
ROUND1 PROMENADE TEMECULA,"40710 Winchester Road, Suite 100, Temecula, CA 92591",33.5275009,-117.1529917,chunithm;ddr;drs;maimai_dx;sdvx;taiko,,allnet;round1usa
ROUND1 PUENTE HILLS MALL,"1600 S Azusa Ave. Suite 285, City of Industry, CA 91748",33.9935867,-117.9274765,chunithm;ddr;drs;gitadora;iidx;jubeat;maimai_dx;museca;other;popn;sdvx;taiko,,allnet;ziv;round1usa
Round1 Puyallup (South Hill Mall),"3500 S Meridian Unit 900, Puyallup, WA 98373, USA",47.1578360,-122.2961010,chunithm;ddr;drs;maimai_dx;sdvx;taiko,,round1usa
ROUND1 ROSEVILLE MALL,"1191 Galleria BL Suit 150, Roseville, CA 95678",38.7747318,-121.2700189,chunithm;dance_around;ddr;drs;gitadora;iidx;maimai_dx;other;popn;sdvx;taiko,,allnet;ziv;round1usa
Round1 Salinas (Northridge Mall),"1600 Northridge Mall #200, Salinas, CA 93906, USA",36.7148370,-121.6575200,chunithm;ddr;drs;maimai_dx;sdvx;taiko,,round1usa
ROUND1 SHOPS AT MISSION VIEJO,"60C The Shops at Mission Viejo,Mission Viejo, CA 92691",33.5576683,-117.6695391,chunithm;dance_around;ddr;drs;gitadora;iidx;maimai_dx;other;popn;sdvx;taiko,,allnet;ziv;round1usa
ROUND1 SOUTH HILL MALL,"3500 S Meridian, Suite 900, Puyallup, WA 98373",47.1573499,-122.3005397,chunithm;dance_around;ddr;drs;gitadora;iidx;maimai_dx;other;popn;sdvx;taiko,,allnet;ziv
ROUND1 SOUTH WEST PLAZA,"8501 West Bowles Ave., Space 1183 Littleton, CO 80123",39.6119798,-105.0956537,chunithm;dance_around;ddr;gitadora;iidx;maimai_dx;other;popn;sdvx,,allnet;ziv
ROUND1 SOUTHLAND MALL,"545 Southland Mall Dr. Hayward,CA 94545",37.6509859,-122.1036974,chunithm;dance_around;ddr;drs;gitadora;iidx;maimai_dx;museca;other;popn;sdvx;taiko,,allnet;ziv;round1usa
ROUND1 SOUTHRIDGE MALL,"5200 S 76th St., Suite C, Greendale, WI 53129",42.9502674,-88.0057293,chunithm;dance_around;ddr;drs;gitadora;iidx;maimai_dx;other;popn;sdvx;taiko,,allnet;ziv;round1usa
ROUND1 SUNVALLEY MALL,"185 Sunvalley Mall Concord, CA 94520",37.9671559,-122.0617194,chunithm;ddr;drs;maimai_dx;sdvx;taiko,,allnet;round1usa
ROUND1 TOWN EAST SQUARE,"7700 East Kellogg Drive, Suite G03J, Wichita, KS 67207",37.6826997,-97.2474183,dance_around;ddr;iidx;maimai_dx;other;popn;sdvx;taiko,,allnet;ziv
Round1 Towson (Towson Town Center),"825 Dulaney Valley Rd, Towson, MD 21204, USA",39.4029460,-76.6011480,chunithm;ddr;drs;maimai_dx;sdvx;taiko,,round1usa
ROUND1 TOWSON TOWN CENTER,"825 Dulaney Valley Road, Suite 1190, Towson, MD 21204",39.4042658,-76.5990278,chunithm;dance_around;ddr;drs;gitadora;iidx;maimai_dx;other;popn;sdvx;taiko,,allnet;ziv
ROUND1 VANCOUVER MALL,"8800 NE Vancouver Mall Dr., Suite 100, Vancouver, WA 98662",45.6573284,-122.5830218,chunithm;ddr;drs;maimai_dx;sdvx;taiko,,allnet;round1usa
Round1 Wichita (Towne East Square),"7700 E Kellogg Dr, Wichita, KS 67207, USA",37.6798270,-97.2457600,chunithm;ddr;drs;maimai_dx;sdvx;taiko,,round1usa
Round1 Woodbridge (Potomac Mills),"2700 Potomac Mills Cir, Woodbridge, VA 22192, USA",38.6428340,-77.2917470,chunithm;ddr;drs;maimai_dx;sdvx;taiko,,round1usa
Salinas <br> (Northridge Mall),"1600 Northridge Mall #200, Salinas, CA 93906, USA",36.7148370,-121.6575200,chunithm;ddr;drs;maimai_dx;sdvx;taiko,,round1usa
San Antonio <br> (North Star Mall),"7400 San Pedro Ave, San Antonio, TX 78216, USA",29.5183900,-98.4952730,chunithm;ddr;drs;maimai_dx;sdvx;taiko,,round1usa
San Francisco <br> (Stonestown Galleria),"285 Winston Dr San Francisco CA 94132 Space No. B1, USA",37.7265300,-122.4775380,chunithm;ddr;drs;maimai_dx;sdvx;taiko,,round1usa
San Jose <br> (Eastridge Shopping Center),"2200 Eastridge Lp, San Jose, CA 95122, USA",37.3258510,-121.8131130,chunithm;ddr;drs;maimai_dx;sdvx;taiko,,round1usa
Sandy <br> (Shops at South Town),"10450 S State St, Sandy, UT 84070, USA",40.5622480,-111.8938300,chunithm;ddr;drs;maimai_dx;sdvx;taiko,,round1usa
Santa Ana <br> (Main Place Mall),"2800 N Main St, Santa Ana, CA 92705, USA",33.7743820,-117.8698340,chunithm;ddr;drs;maimai_dx;sdvx;taiko,,round1usa
South Portland <br> (Maine Mall),"364 Maine Mall Rd, South Portland, ME 4106, USA",43.6335220,-70.3349690,chunithm;ddr;drs;maimai_dx;sdvx;taiko,,round1usa
Temecula <br> (Temecula Promenade),"40710 Winchester Rd, Temecula, CA 92591, USA",33.5275400,-117.1530100,chunithm;ddr;drs;maimai_dx;sdvx;taiko,,round1usa
The Arcade,"10816 East Grand River Road, Brighton, Michigan, 48116",42.5158456,-83.7382248,chunithm;ddr;drs;maimai_dx;ongeki;other;taiko,,ziv
The Dragon's Dojo,"199 College St, Burlington, Vermont, 05401",44.4769912,-73.2117640,chunithm;drs;iidx;jubeat;maimai_dx;other;popn;sdvx,,ziv
Tokyo Station,"400 East South Street, Arlington, Texas, 76010",32.7345140,-97.1031263,chunithm;ddr;drs;gitadora;iidx;jubeat;maimai_dx;other;popn;sdvx,,ziv;community
Towson <br> (Towson Town Center),"825 Dulaney Valley Rd, Towson, MD 21204, USA",39.4029460,-76.6011480,chunithm;ddr;drs;maimai_dx;sdvx;taiko,,round1usa
Tucson <br> (Park Place Mall),"5950 E Broadway Blvd, Tucson, AZ 85711, USA",32.2201610,-110.8637060,chunithm;ddr;drs;maimai_dx;sdvx;taiko,,round1usa
Tukwila <br> (Westfield Southcenter),"2351 Southcenter Mall, Tukwila, WA 98188, USA",47.4597300,-122.2559440,chunithm;ddr;drs;maimai_dx;sdvx;taiko,,round1usa
Vancouver <br> (Vancouver Mall),"8800 NE Vancouver Mall Dr., Suite 100, Vancouver, WA 98662, USA",45.6569850,-122.5831920,chunithm;ddr;drs;maimai_dx;sdvx;taiko,,round1usa
Wichita <br> (Towne East Square),"7700 E Kellogg Dr, Wichita, KS 67207, USA",37.6798270,-97.2457600,chunithm;ddr;drs;maimai_dx;sdvx;taiko,,round1usa
Woodbridge <br> (Potomac Mills),"2700 Potomac Mills Cir, Woodbridge, VA 22192, USA",38.6428340,-77.2917470,chunithm;ddr;drs;maimai_dx;sdvx;taiko,,round1usa
"World 1-1 Games ""The Game Play"" Arcade","246 Town Center E, Santa Maria, 93454",34.9510881,-120.4340547,ddr;drs;other,,ziv
